{
  "document_id": "0807.4622",
  "total_sentences": 153,
  "pruned_sentences": 152,
  "total_words": 4539,
  "pruned_words": 4419,
  "unique_words": 1015,
  "mean_sentence_length": 29.07236842105263,
  "stdev_sentence_length": 18.206360133764264,
  "sentence_lengths": [
    1,
    6,
    37,
    27,
    65,
    20,
    46,
    80,
    15,
    30,
    16,
    54,
    32,
    4,
    60,
    8,
    4,
    15,
    18,
    27,
    33,
    44,
    28,
    4,
    11,
    31,
    27,
    12,
    42,
    73,
    10,
    16,
    25,
    7,
    29,
    10,
    29,
    7,
    13,
    16,
    13,
    21,
    27,
    49,
    22,
    42,
    9,
    36,
    13,
    41,
    14,
    29,
    43,
    26,
    4,
    30,
    14,
    41,
    37,
    91,
    63,
    17,
    41,
    56,
    38,
    35,
    2,
    25,
    17,
    25,
    3,
    32,
    15,
    29,
    40,
    30,
    21,
    54,
    26,
    37,
    34,
    92,
    28,
    34,
    28,
    40,
    3,
    37,
    24,
    17,
    37,
    18,
    19,
    20,
    25,
    17,
    32,
    42,
    3,
    16,
    35,
    21,
    35,
    27,
    33,
    26,
    45,
    15,
    42,
    6,
    15,
    44,
    9,
    27,
    32,
    42,
    36,
    20,
    9,
    36,
    15,
    29,
    65,
    7,
    43,
    44,
    31,
    64,
    24,
    27,
    69,
    26,
    17,
    26,
    56,
    17,
    75,
    17,
    22,
    13,
    15,
    55,
    20,
    3,
    32,
    24,
    68,
    24,
    49,
    28,
    42,
    11
  ],
  "vocabulary_size": 1015
}