{
  "document_id": "0908.1239",
  "total_sentences": 249,
  "pruned_sentences": 246,
  "total_words": 6059,
  "pruned_words": 5729,
  "unique_words": 1125,
  "mean_sentence_length": 23.288617886178862,
  "stdev_sentence_length": 14.875882155983193,
  "sentence_lengths": [
    1,
    5,
    45,
    20,
    24,
    18,
    37,
    20,
    43,
    34,
    26,
    25,
    28,
    46,
    44,
    27,
    17,
    9,
    9,
    10,
    25,
    30,
    27,
    6,
    36,
    20,
    24,
    34,
    7,
    3,
    11,
    3,
    22,
    9,
    5,
    4,
    30,
    27,
    38,
    21,
    25,
    20,
    29,
    3,
    14,
    26,
    17,
    16,
    19,
    20,
    30,
    34,
    32,
    18,
    36,
    9,
    72,
    22,
    16,
    17,
    16,
    35,
    72,
    34,
    15,
    20,
    9,
    48,
    33,
    8,
    18,
    8,
    26,
    41,
    29,
    12,
    20,
    9,
    48,
    29,
    14,
    16,
    7,
    19,
    6,
    18,
    4,
    21,
    14,
    28,
    14,
    12,
    21,
    4,
    38,
    11,
    9,
    13,
    28,
    33,
    17,
    22,
    24,
    15,
    25,
    29,
    75,
    37,
    15,
    16,
    47,
    17,
    39,
    20,
    16,
    9,
    70,
    86,
    12,
    21,
    10,
    39,
    14,
    14,
    13,
    14,
    13,
    8,
    22,
    28,
    29,
    35,
    12,
    4,
    22,
    17,
    7,
    20,
    40,
    8,
    10,
    13,
    23,
    3,
    4,
    24,
    10,
    37,
    28,
    14,
    24,
    35,
    4,
    19,
    37,
    12,
    22,
    31,
    12,
    20,
    32,
    26,
    22,
    25,
    25,
    23,
    21,
    25,
    4,
    29,
    46,
    23,
    22,
    29,
    30,
    9,
    22,
    20,
    50,
    37,
    26,
    87,
    23,
    13,
    37,
    26,
    16,
    28,
    62,
    36,
    16,
    16,
    21,
    21,
    7,
    21,
    42,
    25,
    21,
    9,
    44,
    17,
    19,
    28,
    39,
    6,
    15,
    48,
    28,
    48,
    21,
    20,
    10,
    27,
    25,
    18,
    24,
    19,
    13,
    21,
    19,
    22,
    17,
    5,
    17,
    9,
    54,
    26,
    69,
    18,
    5,
    29,
    20,
    28,
    20,
    20,
    3,
    20,
    3,
    42,
    31,
    29,
    17,
    65,
    5,
    5
  ],
  "vocabulary_size": 1125
}