{
  "document_id": "1106.1746",
  "total_sentences": 401,
  "pruned_sentences": 399,
  "total_words": 8292,
  "pruned_words": 7912,
  "unique_words": 1431,
  "mean_sentence_length": 19.829573934837093,
  "stdev_sentence_length": 14.403936772342153,
  "sentence_lengths": [
    1,
    13,
    56,
    12,
    23,
    28,
    33,
    10,
    33,
    18,
    11,
    15,
    42,
    33,
    25,
    28,
    38,
    35,
    32,
    15,
    20,
    10,
    32,
    64,
    27,
    19,
    12,
    38,
    54,
    49,
    12,
    9,
    34,
    16,
    9,
    19,
    10,
    18,
    16,
    27,
    27,
    33,
    19,
    3,
    15,
    38,
    9,
    11,
    13,
    10,
    7,
    7,
    3,
    11,
    3,
    19,
    3,
    14,
    14,
    2,
    27,
    19,
    24,
    23,
    28,
    5,
    3,
    28,
    15,
    18,
    15,
    46,
    14,
    23,
    24,
    17,
    13,
    3,
    34,
    22,
    24,
    18,
    22,
    4,
    23,
    42,
    28,
    13,
    16,
    20,
    15,
    35,
    19,
    33,
    23,
    9,
    24,
    10,
    36,
    12,
    8,
    10,
    16,
    22,
    11,
    25,
    27,
    13,
    41,
    22,
    16,
    13,
    16,
    9,
    26,
    2,
    28,
    23,
    9,
    16,
    2,
    6,
    26,
    17,
    15,
    8,
    6,
    11,
    8,
    13,
    10,
    10,
    35,
    28,
    8,
    12,
    19,
    8,
    4,
    25,
    14,
    18,
    14,
    30,
    30,
    18,
    6,
    18,
    19,
    29,
    15,
    8,
    10,
    17,
    68,
    17,
    6,
    13,
    11,
    31,
    33,
    22,
    3,
    6,
    6,
    5,
    6,
    95,
    18,
    10,
    16,
    19,
    13,
    23,
    12,
    26,
    19,
    26,
    22,
    33,
    12,
    15,
    13,
    5,
    9,
    21,
    13,
    17,
    6,
    2,
    13,
    16,
    29,
    12,
    9,
    15,
    6,
    12,
    9,
    14,
    11,
    13,
    1,
    14,
    20,
    33,
    13,
    28,
    65,
    98,
    34,
    9,
    3,
    27,
    15,
    16,
    18,
    14,
    17,
    17,
    35,
    12,
    9,
    34,
    53,
    17,
    37,
    15,
    31,
    24,
    46,
    11,
    4,
    50,
    59,
    34,
    19,
    6,
    18,
    20,
    13,
    39,
    44,
    18,
    26,
    8,
    30,
    31,
    22,
    10,
    23,
    29,
    24,
    3,
    19,
    5,
    16,
    27,
    4,
    19,
    10,
    61,
    4,
    39,
    17,
    11,
    18,
    8,
    48,
    11,
    67,
    17,
    10,
    3,
    23,
    13,
    17,
    16,
    10,
    51,
    15,
    5,
    52,
    32,
    4,
    19,
    16,
    67,
    24,
    16,
    15,
    23,
    7,
    7,
    21,
    16,
    3,
    12,
    32,
    43,
    31,
    14,
    7,
    12,
    6,
    67,
    27,
    9,
    15,
    32,
    15,
    43,
    36,
    31,
    27,
    5,
    16,
    33,
    34,
    6,
    26,
    28,
    3,
    15,
    26,
    15,
    4,
    33,
    21,
    9,
    13,
    16,
    31,
    26,
    12,
    15,
    22,
    19,
    13,
    29,
    23,
    13,
    28,
    16,
    34,
    79,
    18,
    3,
    19,
    20,
    3,
    69,
    35,
    2,
    10,
    4,
    13,
    4,
    10,
    16,
    20,
    25,
    16,
    10,
    5,
    4,
    3,
    2,
    18,
    5,
    19,
    18,
    3,
    18,
    3,
    18,
    34,
    18,
    16,
    3,
    40,
    10,
    7,
    11,
    29,
    20,
    23,
    26,
    23,
    13,
    25,
    14,
    3,
    18,
    3,
    15,
    5,
    21,
    33
  ],
  "vocabulary_size": 1431
}