{
  "document_id": "1109.4534",
  "total_sentences": 177,
  "pruned_sentences": 176,
  "total_words": 4950,
  "pruned_words": 4720,
  "unique_words": 1221,
  "mean_sentence_length": 26.818181818181817,
  "stdev_sentence_length": 20.16392561243708,
  "sentence_lengths": [
    1,
    35,
    8,
    51,
    101,
    41,
    43,
    16,
    11,
    88,
    13,
    45,
    37,
    18,
    20,
    10,
    4,
    10,
    7,
    10,
    8,
    18,
    3,
    9,
    34,
    33,
    27,
    27,
    19,
    29,
    25,
    19,
    25,
    14,
    14,
    48,
    23,
    7,
    1,
    3,
    32,
    1,
    7,
    15,
    123,
    22,
    5,
    26,
    13,
    16,
    34,
    19,
    35,
    2,
    32,
    42,
    38,
    42,
    22,
    17,
    31,
    21,
    19,
    9,
    12,
    15,
    6,
    65,
    7,
    11,
    23,
    22,
    10,
    48,
    34,
    37,
    38,
    45,
    42,
    19,
    15,
    24,
    33,
    58,
    29,
    26,
    33,
    49,
    2,
    43,
    20,
    30,
    46,
    15,
    16,
    66,
    10,
    26,
    20,
    7,
    21,
    32,
    26,
    14,
    22,
    12,
    20,
    29,
    20,
    34,
    13,
    8,
    39,
    27,
    19,
    16,
    44,
    29,
    13,
    27,
    15,
    39,
    12,
    61,
    25,
    15,
    6,
    16,
    61,
    32,
    81,
    37,
    12,
    5,
    3,
    9,
    19,
    42,
    98,
    16,
    6,
    43,
    11,
    43,
    11,
    59,
    11,
    63,
    20,
    6,
    11,
    59,
    16,
    42,
    9,
    52,
    16,
    11,
    39,
    65,
    11,
    40,
    49,
    39,
    11,
    46,
    48,
    16,
    7,
    55,
    11,
    36,
    40,
    15,
    47,
    7
  ],
  "vocabulary_size": 1221
}