{
  "document_id": "1111.2487",
  "total_sentences": 496,
  "pruned_sentences": 494,
  "total_words": 11140,
  "pruned_words": 10337,
  "unique_words": 1541,
  "mean_sentence_length": 20.925101214574898,
  "stdev_sentence_length": 14.753156828268015,
  "sentence_lengths": [
    1,
    44,
    72,
    12,
    42,
    28,
    13,
    21,
    30,
    18,
    24,
    47,
    24,
    24,
    18,
    23,
    17,
    39,
    12,
    3,
    3,
    145,
    14,
    64,
    25,
    19,
    41,
    48,
    23,
    31,
    32,
    20,
    25,
    13,
    23,
    21,
    3,
    25,
    4,
    37,
    18,
    25,
    13,
    19,
    17,
    19,
    38,
    23,
    37,
    17,
    55,
    7,
    3,
    35,
    9,
    23,
    19,
    13,
    35,
    23,
    6,
    32,
    28,
    6,
    9,
    15,
    7,
    35,
    7,
    3,
    18,
    12,
    6,
    14,
    5,
    13,
    9,
    10,
    2,
    17,
    27,
    23,
    14,
    18,
    6,
    35,
    11,
    61,
    14,
    24,
    60,
    4,
    25,
    26,
    6,
    6,
    4,
    2,
    15,
    19,
    5,
    11,
    51,
    18,
    16,
    39,
    33,
    33,
    26,
    24,
    30,
    7,
    37,
    18,
    6,
    11,
    14,
    3,
    10,
    49,
    13,
    13,
    42,
    26,
    34,
    47,
    4,
    39,
    2,
    3,
    17,
    6,
    13,
    2,
    45,
    8,
    19,
    11,
    30,
    15,
    28,
    36,
    4,
    18,
    21,
    16,
    15,
    22,
    44,
    27,
    21,
    27,
    16,
    31,
    14,
    14,
    19,
    4,
    23,
    30,
    15,
    26,
    16,
    26,
    17,
    6,
    13,
    34,
    28,
    11,
    21,
    16,
    15,
    10,
    22,
    48,
    20,
    14,
    18,
    62,
    10,
    35,
    16,
    16,
    24,
    8,
    12,
    14,
    8,
    35,
    3,
    20,
    28,
    5,
    7,
    37,
    15,
    8,
    39,
    23,
    14,
    15,
    10,
    9,
    16,
    13,
    14,
    15,
    27,
    15,
    9,
    16,
    9,
    14,
    9,
    15,
    9,
    15,
    9,
    15,
    9,
    19,
    17,
    21,
    22,
    30,
    17,
    11,
    8,
    38,
    52,
    41,
    27,
    21,
    7,
    27,
    16,
    19,
    36,
    28,
    13,
    7,
    16,
    6,
    24,
    12,
    32,
    16,
    28,
    8,
    99,
    3,
    3,
    63,
    61,
    12,
    6,
    14,
    9,
    14,
    22,
    7,
    21,
    27,
    22,
    11,
    14,
    15,
    45,
    30,
    7,
    8,
    23,
    46,
    18,
    6,
    15,
    13,
    4,
    62,
    22,
    31,
    51,
    38,
    47,
    26,
    22,
    26,
    7,
    26,
    30,
    25,
    27,
    23,
    21,
    10,
    34,
    19,
    45,
    21,
    14,
    12,
    39,
    9,
    23,
    14,
    3,
    23,
    23,
    3,
    6,
    32,
    10,
    20,
    29,
    5,
    7,
    34,
    62,
    4,
    31,
    22,
    33,
    3,
    31,
    19,
    19,
    6,
    31,
    24,
    18,
    23,
    39,
    15,
    19,
    49,
    18,
    20,
    24,
    12,
    17,
    19,
    13,
    15,
    24,
    14,
    12,
    12,
    10,
    35,
    20,
    9,
    22,
    7,
    8,
    5,
    43,
    29,
    14,
    6,
    24,
    4,
    30,
    19,
    12,
    30,
    20,
    30,
    27,
    22,
    9,
    3,
    9,
    12,
    15,
    11,
    4,
    25,
    23,
    26,
    17,
    25,
    90,
    15,
    13,
    33,
    21,
    18,
    44,
    32,
    39,
    25,
    12,
    10,
    16,
    7,
    14,
    7,
    40,
    44,
    21,
    18,
    19,
    16,
    5,
    17,
    11,
    3,
    42,
    18,
    15,
    4,
    23,
    27,
    15,
    42,
    17,
    20,
    25,
    22,
    59,
    12,
    28,
    16,
    23,
    31,
    31,
    29,
    49,
    21,
    16,
    17,
    11,
    2,
    36,
    34,
    23,
    19,
    9,
    26,
    13,
    9,
    15,
    47,
    25,
    27,
    18,
    22,
    34,
    19,
    26,
    33,
    17,
    3,
    15,
    13,
    10,
    4,
    19,
    3,
    28,
    21,
    21,
    14,
    12,
    6,
    21,
    21,
    41,
    20,
    22,
    23,
    22,
    16,
    15,
    17,
    3,
    16,
    15,
    5,
    13,
    17,
    18,
    31,
    13,
    19,
    12,
    16,
    3,
    53,
    34,
    17,
    3,
    8
  ],
  "vocabulary_size": 1541
}