{
  "document_id": "1207.5301",
  "total_sentences": 262,
  "pruned_sentences": 260,
  "total_words": 6916,
  "pruned_words": 6541,
  "unique_words": 1305,
  "mean_sentence_length": 25.157692307692308,
  "stdev_sentence_length": 13.987105840349168,
  "sentence_lengths": [
    1,
    26,
    18,
    12,
    11,
    37,
    21,
    24,
    27,
    48,
    32,
    57,
    52,
    25,
    10,
    17,
    24,
    40,
    3,
    21,
    7,
    65,
    12,
    47,
    25,
    17,
    6,
    29,
    24,
    28,
    36,
    23,
    16,
    16,
    46,
    23,
    17,
    22,
    13,
    41,
    23,
    28,
    29,
    28,
    13,
    52,
    7,
    4,
    18,
    2,
    23,
    10,
    5,
    36,
    7,
    37,
    23,
    44,
    24,
    32,
    15,
    15,
    29,
    18,
    12,
    8,
    8,
    20,
    17,
    33,
    9,
    45,
    26,
    15,
    45,
    12,
    20,
    19,
    12,
    34,
    40,
    15,
    11,
    8,
    6,
    6,
    4,
    17,
    28,
    23,
    16,
    44,
    24,
    25,
    18,
    21,
    24,
    18,
    25,
    36,
    35,
    27,
    17,
    26,
    43,
    39,
    46,
    13,
    8,
    20,
    20,
    18,
    23,
    29,
    32,
    40,
    30,
    27,
    11,
    36,
    4,
    12,
    6,
    48,
    2,
    28,
    27,
    34,
    21,
    21,
    17,
    12,
    28,
    23,
    9,
    2,
    10,
    20,
    20,
    22,
    8,
    14,
    12,
    36,
    75,
    24,
    25,
    9,
    33,
    18,
    26,
    27,
    26,
    10,
    21,
    26,
    31,
    10,
    40,
    23,
    48,
    24,
    29,
    32,
    29,
    27,
    18,
    18,
    59,
    10,
    35,
    30,
    18,
    43,
    15,
    6,
    80,
    38,
    25,
    19,
    27,
    28,
    12,
    2,
    21,
    53,
    35,
    35,
    45,
    22,
    18,
    24,
    18,
    24,
    31,
    41,
    55,
    17,
    33,
    22,
    35,
    28,
    36,
    28,
    16,
    20,
    32,
    49,
    20,
    37,
    48,
    11,
    41,
    22,
    9,
    19,
    101,
    19,
    34,
    40,
    22,
    41,
    30,
    40,
    24,
    18,
    22,
    21,
    30,
    36,
    42,
    46,
    37,
    31,
    26,
    26,
    9,
    22,
    22,
    36,
    21,
    17,
    23,
    17,
    30,
    15,
    18,
    32,
    26,
    32,
    21,
    16,
    49,
    36,
    17,
    32,
    27,
    20,
    13,
    2
  ],
  "vocabulary_size": 1305
}