{
  "document_id": "1210.2507",
  "total_sentences": 558,
  "pruned_sentences": 556,
  "total_words": 15171,
  "pruned_words": 14971,
  "unique_words": 2277,
  "mean_sentence_length": 26.926258992805757,
  "stdev_sentence_length": 13.060495183878642,
  "sentence_lengths": [
    1,
    12,
    2,
    9,
    5,
    4,
    25,
    9,
    78,
    35,
    29,
    23,
    10,
    71,
    24,
    45,
    33,
    43,
    18,
    12,
    23,
    34,
    26,
    34,
    17,
    31,
    24,
    20,
    44,
    56,
    21,
    39,
    22,
    43,
    22,
    20,
    37,
    18,
    20,
    19,
    17,
    44,
    31,
    10,
    42,
    62,
    30,
    19,
    12,
    16,
    20,
    39,
    13,
    28,
    43,
    18,
    30,
    23,
    15,
    26,
    27,
    57,
    35,
    23,
    25,
    44,
    24,
    11,
    17,
    19,
    3,
    29,
    15,
    23,
    25,
    20,
    35,
    46,
    19,
    11,
    17,
    34,
    17,
    32,
    28,
    23,
    13,
    28,
    7,
    23,
    35,
    7,
    24,
    15,
    44,
    68,
    9,
    39,
    9,
    26,
    36,
    30,
    15,
    30,
    28,
    38,
    42,
    14,
    36,
    38,
    44,
    28,
    42,
    21,
    38,
    50,
    27,
    21,
    21,
    16,
    22,
    23,
    34,
    32,
    44,
    46,
    12,
    40,
    43,
    27,
    16,
    38,
    23,
    16,
    28,
    17,
    25,
    17,
    53,
    15,
    30,
    30,
    12,
    30,
    27,
    34,
    28,
    37,
    24,
    34,
    34,
    26,
    59,
    15,
    16,
    44,
    15,
    40,
    12,
    28,
    45,
    22,
    29,
    29,
    17,
    23,
    28,
    36,
    52,
    40,
    39,
    33,
    11,
    32,
    23,
    29,
    61,
    21,
    23,
    27,
    50,
    8,
    37,
    32,
    21,
    47,
    40,
    27,
    21,
    44,
    25,
    23,
    34,
    32,
    21,
    26,
    42,
    16,
    23,
    36,
    33,
    24,
    59,
    19,
    28,
    28,
    44,
    10,
    36,
    39,
    12,
    14,
    21,
    45,
    17,
    21,
    15,
    46,
    22,
    27,
    28,
    38,
    27,
    21,
    38,
    17,
    26,
    42,
    36,
    16,
    27,
    43,
    13,
    9,
    18,
    17,
    38,
    16,
    28,
    10,
    29,
    19,
    46,
    48,
    7,
    38,
    25,
    18,
    35,
    24,
    39,
    37,
    21,
    13,
    21,
    28,
    34,
    8,
    14,
    11,
    29,
    14,
    14,
    27,
    11,
    8,
    22,
    25,
    24,
    29,
    27,
    14,
    24,
    3,
    53,
    39,
    25,
    33,
    21,
    43,
    32,
    33,
    34,
    21,
    38,
    16,
    13,
    51,
    23,
    14,
    24,
    13,
    21,
    17,
    10,
    13,
    3,
    18,
    38,
    31,
    28,
    25,
    26,
    21,
    17,
    14,
    31,
    21,
    15,
    37,
    12,
    27,
    33,
    29,
    24,
    18,
    16,
    28,
    11,
    16,
    24,
    25,
    29,
    13,
    55,
    53,
    59,
    31,
    27,
    33,
    44,
    42,
    47,
    41,
    33,
    34,
    31,
    43,
    32,
    20,
    23,
    41,
    11,
    31,
    71,
    20,
    32,
    38,
    28,
    22,
    51,
    35,
    23,
    69,
    21,
    38,
    22,
    34,
    18,
    19,
    21,
    30,
    35,
    36,
    13,
    23,
    34,
    18,
    9,
    30,
    22,
    29,
    23,
    9,
    26,
    31,
    32,
    29,
    18,
    43,
    12,
    18,
    23,
    18,
    23,
    19,
    41,
    29,
    25,
    18,
    27,
    25,
    33,
    29,
    32,
    31,
    39,
    21,
    19,
    48,
    19,
    27,
    30,
    27,
    59,
    22,
    10,
    17,
    36,
    16,
    50,
    22,
    29,
    21,
    25,
    39,
    24,
    44,
    20,
    44,
    40,
    22,
    9,
    37,
    35,
    24,
    20,
    42,
    16,
    34,
    38,
    35,
    23,
    9,
    56,
    66,
    42,
    28,
    11,
    36,
    25,
    11,
    27,
    27,
    8,
    6,
    15,
    24,
    11,
    36,
    25,
    11,
    25,
    11,
    27,
    11,
    26,
    11,
    27,
    11,
    26,
    11,
    40,
    33,
    69,
    25,
    39,
    24,
    11,
    21,
    11,
    61,
    15,
    23,
    11,
    26,
    11,
    22,
    48,
    11,
    29,
    23,
    21,
    12,
    24,
    11,
    24,
    11,
    27,
    11,
    27,
    11,
    82,
    24,
    11,
    28,
    20,
    11,
    27,
    11,
    23,
    11,
    25,
    63,
    24,
    11,
    24,
    11,
    25,
    11,
    25,
    11,
    40,
    25,
    55,
    11,
    62,
    33,
    25,
    11,
    31,
    22,
    23,
    35,
    15,
    14,
    27,
    11,
    31,
    35,
    24,
    27,
    11,
    37,
    41,
    34,
    26,
    11,
    27,
    25,
    11,
    42,
    28,
    11,
    30,
    34,
    27,
    11,
    50,
    25,
    24,
    35,
    27,
    11,
    25,
    13
  ],
  "vocabulary_size": 2277
}