{
  "document_id": "1301.1842",
  "total_sentences": 194,
  "pruned_sentences": 192,
  "total_words": 4552,
  "pruned_words": 4316,
  "unique_words": 967,
  "mean_sentence_length": 22.479166666666668,
  "stdev_sentence_length": 15.993113155726354,
  "sentence_lengths": [
    1,
    35,
    13,
    46,
    10,
    20,
    76,
    10,
    41,
    29,
    20,
    58,
    71,
    46,
    17,
    45,
    9,
    10,
    38,
    4,
    20,
    10,
    4,
    23,
    17,
    28,
    48,
    20,
    51,
    23,
    10,
    13,
    11,
    3,
    32,
    2,
    25,
    12,
    15,
    24,
    32,
    50,
    8,
    11,
    20,
    37,
    54,
    28,
    41,
    23,
    27,
    9,
    15,
    14,
    22,
    19,
    42,
    7,
    29,
    35,
    3,
    29,
    24,
    15,
    9,
    17,
    6,
    11,
    29,
    19,
    4,
    18,
    8,
    12,
    63,
    25,
    23,
    17,
    14,
    4,
    9,
    7,
    9,
    20,
    43,
    27,
    12,
    28,
    12,
    26,
    4,
    48,
    9,
    13,
    17,
    25,
    8,
    9,
    31,
    19,
    20,
    30,
    13,
    3,
    65,
    8,
    4,
    18,
    49,
    42,
    66,
    52,
    5,
    47,
    31,
    10,
    8,
    17,
    33,
    25,
    3,
    7,
    36,
    14,
    9,
    10,
    3,
    19,
    11,
    23,
    19,
    25,
    29,
    20,
    14,
    26,
    72,
    72,
    38,
    13,
    36,
    16,
    14,
    13,
    38,
    9,
    22,
    23,
    23,
    36,
    31,
    27,
    16,
    4,
    34,
    12,
    32,
    25,
    31,
    27,
    19,
    27,
    12,
    26,
    14,
    15,
    2,
    2,
    20,
    3,
    24,
    58,
    3,
    18,
    18,
    21,
    21,
    3,
    21,
    23,
    16,
    16,
    3,
    39,
    37,
    26,
    14,
    3,
    16,
    3,
    18,
    58
  ],
  "vocabulary_size": 967
}