{
  "document_id": "1405.0907",
  "total_sentences": 419,
  "pruned_sentences": 415,
  "total_words": 11623,
  "pruned_words": 10637,
  "unique_words": 1770,
  "mean_sentence_length": 25.631325301204818,
  "stdev_sentence_length": 17.48253737229335,
  "sentence_lengths": [
    1,
    17,
    18,
    128,
    17,
    16,
    27,
    35,
    15,
    17,
    28,
    20,
    18,
    12,
    27,
    38,
    22,
    17,
    41,
    50,
    75,
    24,
    21,
    3,
    12,
    23,
    44,
    45,
    29,
    29,
    25,
    21,
    28,
    14,
    52,
    22,
    28,
    39,
    26,
    10,
    22,
    15,
    38,
    47,
    22,
    42,
    38,
    22,
    12,
    30,
    19,
    22,
    26,
    12,
    62,
    58,
    7,
    3,
    14,
    2,
    7,
    2,
    28,
    3,
    27,
    12,
    9,
    35,
    63,
    17,
    26,
    28,
    14,
    22,
    17,
    2,
    32,
    21,
    22,
    31,
    39,
    79,
    22,
    26,
    12,
    39,
    21,
    41,
    26,
    15,
    39,
    31,
    43,
    14,
    51,
    16,
    25,
    35,
    20,
    21,
    28,
    25,
    33,
    12,
    22,
    31,
    29,
    31,
    14,
    16,
    25,
    15,
    35,
    17,
    15,
    28,
    35,
    18,
    17,
    14,
    13,
    15,
    34,
    10,
    18,
    18,
    14,
    22,
    7,
    27,
    17,
    20,
    15,
    48,
    6,
    13,
    18,
    26,
    59,
    35,
    34,
    36,
    40,
    15,
    17,
    52,
    22,
    21,
    14,
    29,
    24,
    10,
    4,
    36,
    37,
    12,
    25,
    12,
    34,
    49,
    35,
    16,
    27,
    15,
    42,
    19,
    61,
    37,
    48,
    16,
    37,
    41,
    17,
    35,
    44,
    38,
    12,
    9,
    12,
    24,
    16,
    16,
    21,
    77,
    10,
    16,
    2,
    26,
    58,
    3,
    21,
    13,
    20,
    18,
    33,
    24,
    13,
    24,
    17,
    8,
    16,
    24,
    44,
    30,
    62,
    22,
    29,
    26,
    18,
    15,
    13,
    32,
    4,
    52,
    19,
    8,
    16,
    27,
    19,
    21,
    28,
    13,
    43,
    28,
    3,
    25,
    19,
    5,
    21,
    33,
    28,
    13,
    22,
    23,
    20,
    49,
    22,
    53,
    10,
    31,
    20,
    26,
    30,
    22,
    5,
    23,
    17,
    2,
    2,
    18,
    66,
    19,
    34,
    19,
    15,
    4,
    36,
    30,
    19,
    13,
    33,
    4,
    28,
    8,
    6,
    29,
    38,
    23,
    33,
    13,
    15,
    3,
    140,
    34,
    14,
    42,
    42,
    20,
    13,
    20,
    30,
    34,
    28,
    12,
    12,
    20,
    37,
    89,
    77,
    19,
    25,
    29,
    27,
    4,
    26,
    24,
    60,
    30,
    19,
    19,
    13,
    39,
    36,
    4,
    20,
    30,
    23,
    19,
    36,
    25,
    38,
    24,
    19,
    23,
    6,
    15,
    30,
    19,
    22,
    17,
    18,
    17,
    12,
    34,
    16,
    9,
    16,
    15,
    26,
    22,
    27,
    7,
    9,
    34,
    11,
    45,
    46,
    18,
    17,
    12,
    62,
    16,
    77,
    77,
    29,
    65,
    35,
    47,
    16,
    40,
    46,
    38,
    5,
    3,
    28,
    49,
    11,
    47,
    11,
    41,
    32,
    48,
    11,
    37,
    40,
    11,
    92,
    33,
    12,
    13,
    34,
    14,
    13,
    5,
    8,
    42,
    11,
    39,
    91,
    11,
    11,
    40,
    38,
    11,
    45,
    49,
    11,
    47,
    11,
    51,
    11,
    43,
    8,
    7,
    19,
    34,
    11,
    33,
    2,
    16,
    20,
    15,
    19,
    9,
    21,
    16,
    11,
    12,
    9,
    22,
    15,
    11,
    24,
    21,
    1
  ],
  "vocabulary_size": 1770
}