{
  "document_id": "1407.5153",
  "total_sentences": 75,
  "pruned_sentences": 75,
  "total_words": 1748,
  "pruned_words": 1748,
  "unique_words": 615,
  "mean_sentence_length": 23.30666666666667,
  "stdev_sentence_length": 11.312482143731863,
  "sentence_lengths": [
    1,
    13,
    2,
    44,
    57,
    8,
    11,
    26,
    25,
    21,
    27,
    15,
    19,
    34,
    16,
    8,
    22,
    22,
    34,
    21,
    26,
    17,
    29,
    22,
    33,
    11,
    23,
    12,
    9,
    32,
    26,
    25,
    32,
    17,
    19,
    25,
    15,
    15,
    25,
    25,
    11,
    14,
    19,
    38,
    25,
    31,
    44,
    35,
    21,
    17,
    30,
    28,
    27,
    27,
    37,
    17,
    32,
    28,
    22,
    18,
    32,
    16,
    3,
    33,
    39,
    34,
    20,
    11,
    23,
    16,
    19,
    27,
    26,
    62,
    2
  ],
  "vocabulary_size": 615
}