{
  "document_id": "1407.5967",
  "total_sentences": 147,
  "pruned_sentences": 147,
  "total_words": 3481,
  "pruned_words": 3481,
  "unique_words": 892,
  "mean_sentence_length": 23.68027210884354,
  "stdev_sentence_length": 15.816579819471832,
  "sentence_lengths": [
    1,
    39,
    82,
    30,
    51,
    15,
    9,
    16,
    57,
    13,
    31,
    70,
    18,
    28,
    15,
    49,
    10,
    18,
    4,
    29,
    35,
    25,
    34,
    53,
    7,
    21,
    30,
    21,
    25,
    16,
    24,
    10,
    13,
    29,
    7,
    1,
    3,
    21,
    8,
    1,
    11,
    5,
    2,
    44,
    16,
    25,
    70,
    13,
    33,
    30,
    20,
    23,
    10,
    27,
    26,
    17,
    32,
    2,
    27,
    17,
    25,
    22,
    50,
    29,
    7,
    28,
    37,
    53,
    11,
    46,
    30,
    16,
    27,
    11,
    5,
    3,
    15,
    33,
    48,
    60,
    9,
    8,
    24,
    23,
    18,
    27,
    54,
    22,
    22,
    9,
    25,
    3,
    8,
    4,
    26,
    11,
    10,
    11,
    16,
    43,
    14,
    3,
    6,
    12,
    34,
    22,
    27,
    11,
    5,
    23,
    11,
    66,
    19,
    10,
    52,
    41,
    29,
    35,
    36,
    38,
    24,
    22,
    19,
    43,
    15,
    40,
    22,
    17,
    19,
    18,
    29,
    23,
    15,
    27,
    45,
    19,
    21,
    13,
    38,
    42,
    16,
    21,
    39,
    20,
    17,
    13,
    2
  ],
  "vocabulary_size": 892
}