{
  "document_id": "1407.5966",
  "total_sentences": 191,
  "pruned_sentences": 190,
  "total_words": 3866,
  "pruned_words": 3767,
  "unique_words": 892,
  "mean_sentence_length": 19.826315789473686,
  "stdev_sentence_length": 12.213547084550084,
  "sentence_lengths": [
    1,
    37,
    12,
    13,
    28,
    50,
    21,
    20,
    21,
    14,
    23,
    23,
    32,
    26,
    16,
    10,
    60,
    10,
    18,
    4,
    24,
    12,
    26,
    18,
    32,
    12,
    28,
    63,
    16,
    30,
    35,
    40,
    16,
    14,
    7,
    20,
    17,
    7,
    7,
    20,
    31,
    18,
    17,
    7,
    1,
    3,
    19,
    8,
    1,
    32,
    17,
    29,
    23,
    31,
    17,
    10,
    12,
    10,
    27,
    24,
    19,
    32,
    16,
    5,
    9,
    26,
    12,
    6,
    2,
    49,
    25,
    12,
    8,
    15,
    6,
    3,
    32,
    8,
    20,
    13,
    22,
    30,
    18,
    11,
    9,
    15,
    17,
    29,
    27,
    74,
    26,
    70,
    23,
    8,
    8,
    25,
    7,
    9,
    22,
    26,
    46,
    9,
    9,
    22,
    14,
    12,
    16,
    37,
    22,
    28,
    13,
    29,
    15,
    36,
    9,
    25,
    22,
    11,
    11,
    41,
    15,
    22,
    12,
    14,
    18,
    35,
    19,
    14,
    24,
    29,
    6,
    37,
    12,
    16,
    22,
    41,
    5,
    24,
    16,
    18,
    19,
    25,
    5,
    17,
    12,
    18,
    15,
    9,
    15,
    2,
    25,
    18,
    22,
    8,
    16,
    11,
    16,
    9,
    20,
    31,
    23,
    39,
    11,
    30,
    34,
    12,
    26,
    30,
    21,
    17,
    8,
    25,
    18,
    30,
    11,
    11,
    12,
    12,
    30,
    13,
    18,
    41,
    25,
    14,
    32,
    14,
    5,
    34,
    17,
    1
  ],
  "vocabulary_size": 892
}