{
  "document_id": "1410.3692",
  "total_sentences": 221,
  "pruned_sentences": 219,
  "total_words": 5513,
  "pruned_words": 5276,
  "unique_words": 1014,
  "mean_sentence_length": 24.091324200913242,
  "stdev_sentence_length": 11.850400356334836,
  "sentence_lengths": [
    1,
    34,
    32,
    19,
    54,
    27,
    45,
    20,
    12,
    38,
    22,
    24,
    15,
    29,
    11,
    17,
    32,
    21,
    22,
    7,
    18,
    21,
    18,
    14,
    42,
    14,
    13,
    19,
    21,
    15,
    30,
    4,
    5,
    12,
    20,
    16,
    32,
    13,
    37,
    17,
    19,
    16,
    16,
    4,
    20,
    34,
    17,
    23,
    17,
    20,
    26,
    7,
    24,
    26,
    10,
    28,
    28,
    38,
    14,
    43,
    12,
    21,
    25,
    25,
    31,
    11,
    8,
    28,
    23,
    22,
    18,
    16,
    4,
    21,
    5,
    30,
    25,
    18,
    44,
    11,
    26,
    22,
    17,
    26,
    14,
    15,
    14,
    30,
    23,
    25,
    25,
    33,
    8,
    34,
    39,
    3,
    40,
    39,
    11,
    15,
    27,
    29,
    23,
    21,
    23,
    19,
    18,
    24,
    17,
    26,
    43,
    29,
    16,
    24,
    24,
    17,
    55,
    10,
    45,
    17,
    42,
    47,
    33,
    30,
    17,
    22,
    13,
    28,
    28,
    17,
    50,
    36,
    29,
    12,
    36,
    15,
    10,
    33,
    58,
    24,
    53,
    32,
    36,
    15,
    13,
    4,
    13,
    15,
    22,
    27,
    18,
    18,
    23,
    21,
    16,
    5,
    15,
    14,
    18,
    21,
    7,
    20,
    39,
    30,
    26,
    25,
    7,
    48,
    21,
    26,
    22,
    20,
    26,
    24,
    48,
    32,
    26,
    23,
    61,
    35,
    17,
    22,
    27,
    46,
    23,
    45,
    21,
    38,
    22,
    21,
    11,
    23,
    20,
    34,
    22,
    31,
    23,
    22,
    21,
    10,
    46,
    64,
    21,
    31,
    22,
    23,
    16,
    16,
    37,
    63,
    25,
    21,
    26,
    30,
    30,
    23,
    47,
    23,
    11
  ],
  "vocabulary_size": 1014
}