{
  "document_id": "1603.01463",
  "total_sentences": 491,
  "pruned_sentences": 485,
  "total_words": 12897,
  "pruned_words": 12176,
  "unique_words": 1843,
  "mean_sentence_length": 25.105154639175257,
  "stdev_sentence_length": 15.841782101507935,
  "sentence_lengths": [
    1,
    3,
    11,
    2,
    21,
    27,
    25,
    8,
    9,
    30,
    23,
    17,
    30,
    61,
    12,
    5,
    25,
    30,
    38,
    37,
    40,
    7,
    52,
    37,
    40,
    16,
    34,
    6,
    15,
    16,
    25,
    10,
    22,
    82,
    6,
    14,
    10,
    13,
    65,
    14,
    12,
    11,
    9,
    13,
    14,
    10,
    27,
    14,
    63,
    14,
    39,
    20,
    34,
    56,
    23,
    17,
    16,
    50,
    32,
    20,
    4,
    14,
    2,
    31,
    17,
    13,
    16,
    37,
    15,
    25,
    29,
    9,
    30,
    20,
    19,
    61,
    73,
    8,
    9,
    11,
    23,
    10,
    10,
    6,
    9,
    5,
    13,
    39,
    10,
    37,
    12,
    36,
    11,
    13,
    18,
    24,
    14,
    26,
    32,
    18,
    42,
    57,
    26,
    28,
    10,
    27,
    26,
    36,
    18,
    13,
    27,
    40,
    9,
    19,
    55,
    24,
    27,
    33,
    51,
    40,
    13,
    47,
    19,
    20,
    37,
    25,
    13,
    13,
    23,
    10,
    31,
    4,
    40,
    28,
    82,
    33,
    4,
    17,
    14,
    15,
    11,
    35,
    24,
    20,
    73,
    26,
    37,
    27,
    9,
    18,
    8,
    6,
    15,
    25,
    14,
    10,
    40,
    23,
    20,
    29,
    18,
    4,
    8,
    2,
    12,
    20,
    8,
    14,
    6,
    19,
    23,
    19,
    9,
    20,
    25,
    65,
    26,
    21,
    10,
    22,
    24,
    21,
    52,
    32,
    22,
    11,
    19,
    80,
    29,
    83,
    16,
    35,
    53,
    13,
    45,
    18,
    17,
    26,
    40,
    57,
    25,
    32,
    36,
    30,
    32,
    13,
    29,
    11,
    17,
    29,
    6,
    25,
    14,
    18,
    12,
    27,
    52,
    11,
    17,
    46,
    25,
    19,
    10,
    39,
    9,
    2,
    48,
    21,
    6,
    18,
    36,
    36,
    7,
    4,
    5,
    2,
    2,
    7,
    22,
    81,
    22,
    10,
    22,
    9,
    38,
    35,
    41,
    19,
    16,
    21,
    13,
    36,
    15,
    18,
    19,
    23,
    22,
    20,
    26,
    11,
    20,
    9,
    6,
    57,
    13,
    14,
    30,
    30,
    18,
    21,
    20,
    12,
    18,
    30,
    46,
    23,
    31,
    15,
    2,
    20,
    17,
    12,
    25,
    1,
    43,
    24,
    33,
    15,
    17,
    19,
    17,
    14,
    18,
    23,
    18,
    30,
    19,
    16,
    17,
    14,
    5,
    45,
    44,
    33,
    17,
    15,
    26,
    33,
    19,
    34,
    48,
    8,
    6,
    25,
    15,
    32,
    72,
    12,
    59,
    37,
    29,
    17,
    38,
    19,
    39,
    31,
    19,
    39,
    16,
    21,
    29,
    4,
    28,
    18,
    29,
    90,
    16,
    28,
    23,
    14,
    12,
    12,
    51,
    29,
    14,
    54,
    19,
    38,
    26,
    9,
    28,
    9,
    38,
    36,
    14,
    14,
    21,
    6,
    21,
    15,
    10,
    32,
    26,
    22,
    32,
    18,
    48,
    22,
    21,
    25,
    16,
    12,
    21,
    26,
    34,
    12,
    50,
    25,
    34,
    8,
    92,
    35,
    12,
    31,
    25,
    11,
    18,
    29,
    84,
    18,
    26,
    26,
    14,
    18,
    5,
    34,
    20,
    25,
    27,
    25,
    18,
    18,
    17,
    23,
    21,
    21,
    4,
    34,
    30,
    23,
    28,
    26,
    25,
    43,
    16,
    46,
    13,
    36,
    29,
    3,
    27,
    19,
    11,
    19,
    39,
    39,
    32,
    66,
    29,
    6,
    2,
    43,
    23,
    27,
    28,
    26,
    52,
    31,
    29,
    46,
    80,
    27,
    30,
    25,
    34,
    57,
    49,
    30,
    28,
    25,
    19,
    45,
    28,
    76,
    47,
    23,
    56,
    26,
    45,
    24,
    24,
    26,
    18,
    27,
    30,
    28,
    25,
    25,
    25,
    29,
    49,
    29,
    25,
    25,
    32,
    27,
    20,
    26,
    20,
    34,
    45,
    25,
    25,
    16,
    16
  ],
  "vocabulary_size": 1843
}