{
  "document_id": "1604.07700",
  "total_sentences": 195,
  "pruned_sentences": 194,
  "total_words": 7192,
  "pruned_words": 6088,
  "unique_words": 1146,
  "mean_sentence_length": 31.38144329896907,
  "stdev_sentence_length": 31.171078430952335,
  "sentence_lengths": [
    1,
    25,
    7,
    37,
    20,
    18,
    38,
    17,
    39,
    52,
    39,
    31,
    10,
    67,
    23,
    28,
    33,
    36,
    14,
    26,
    35,
    12,
    34,
    41,
    12,
    54,
    21,
    35,
    25,
    34,
    31,
    29,
    35,
    16,
    23,
    27,
    71,
    16,
    8,
    27,
    9,
    30,
    36,
    27,
    46,
    40,
    33,
    22,
    17,
    31,
    18,
    32,
    41,
    31,
    36,
    54,
    31,
    25,
    19,
    19,
    21,
    15,
    11,
    45,
    12,
    15,
    10,
    22,
    24,
    22,
    15,
    19,
    20,
    12,
    25,
    44,
    12,
    39,
    20,
    16,
    16,
    12,
    9,
    72,
    29,
    19,
    53,
    21,
    13,
    12,
    19,
    31,
    11,
    63,
    34,
    50,
    56,
    22,
    36,
    48,
    52,
    28,
    12,
    55,
    49,
    17,
    17,
    14,
    31,
    29,
    34,
    44,
    20,
    40,
    30,
    17,
    24,
    54,
    14,
    55,
    35,
    62,
    27,
    26,
    41,
    12,
    48,
    29,
    41,
    53,
    21,
    20,
    26,
    40,
    24,
    40,
    17,
    21,
    15,
    31,
    40,
    13,
    24,
    29,
    25,
    5,
    7,
    16,
    40,
    36,
    25,
    23,
    19,
    3,
    27,
    45,
    35,
    20,
    13,
    25,
    24,
    49,
    28,
    23,
    44,
    30,
    26,
    25,
    14,
    25,
    28,
    211,
    17,
    3,
    6,
    343,
    24,
    18,
    50,
    31,
    24,
    29,
    23,
    29,
    21,
    12,
    144,
    18,
    101,
    25,
    20,
    63,
    35,
    1
  ],
  "vocabulary_size": 1146
}