{
  "document_id": "1605.07533",
  "total_sentences": 334,
  "pruned_sentences": 329,
  "total_words": 9074,
  "pruned_words": 7956,
  "unique_words": 1223,
  "mean_sentence_length": 24.182370820668694,
  "stdev_sentence_length": 16.788957040519648,
  "sentence_lengths": [
    1,
    11,
    75,
    58,
    14,
    20,
    25,
    31,
    12,
    26,
    27,
    30,
    15,
    33,
    22,
    16,
    70,
    20,
    30,
    22,
    36,
    40,
    14,
    15,
    11,
    16,
    78,
    30,
    38,
    28,
    33,
    41,
    8,
    24,
    20,
    13,
    31,
    22,
    3,
    17,
    19,
    12,
    37,
    40,
    28,
    36,
    54,
    23,
    29,
    20,
    25,
    33,
    41,
    21,
    22,
    46,
    41,
    19,
    15,
    33,
    9,
    11,
    15,
    12,
    18,
    16,
    28,
    19,
    8,
    45,
    9,
    10,
    12,
    22,
    9,
    10,
    28,
    17,
    21,
    31,
    7,
    16,
    25,
    43,
    24,
    10,
    37,
    7,
    34,
    12,
    11,
    11,
    20,
    13,
    57,
    27,
    27,
    26,
    28,
    20,
    16,
    29,
    12,
    20,
    22,
    12,
    6,
    3,
    20,
    12,
    30,
    12,
    15,
    20,
    48,
    32,
    14,
    11,
    6,
    6,
    20,
    15,
    12,
    16,
    17,
    9,
    15,
    17,
    36,
    39,
    22,
    9,
    38,
    14,
    15,
    15,
    15,
    15,
    12,
    16,
    33,
    6,
    33,
    40,
    21,
    25,
    11,
    23,
    13,
    26,
    26,
    25,
    25,
    15,
    37,
    16,
    16,
    16,
    16,
    31,
    16,
    16,
    16,
    16,
    18,
    19,
    31,
    18,
    15,
    26,
    47,
    32,
    25,
    23,
    59,
    30,
    32,
    38,
    20,
    16,
    7,
    30,
    14,
    24,
    20,
    20,
    9,
    34,
    11,
    28,
    26,
    23,
    24,
    14,
    11,
    28,
    26,
    12,
    15,
    17,
    29,
    21,
    15,
    11,
    17,
    28,
    10,
    12,
    9,
    29,
    16,
    15,
    11,
    8,
    119,
    12,
    119,
    12,
    24,
    36,
    25,
    25,
    55,
    38,
    18,
    73,
    72,
    25,
    14,
    19,
    30,
    33,
    7,
    24,
    12,
    21,
    28,
    121,
    21,
    26,
    19,
    16,
    17,
    7,
    20,
    27,
    16,
    38,
    10,
    22,
    35,
    30,
    33,
    19,
    22,
    17,
    18,
    10,
    36,
    16,
    17,
    17,
    16,
    18,
    44,
    19,
    26,
    24,
    25,
    10,
    28,
    30,
    35,
    33,
    28,
    15,
    36,
    51,
    44,
    4,
    31,
    23,
    28,
    35,
    43,
    14,
    16,
    11,
    49,
    22,
    39,
    24,
    16,
    24,
    15,
    30,
    28,
    24,
    22,
    29,
    9,
    28,
    11,
    64,
    9,
    2,
    2,
    2,
    4,
    117,
    48,
    38,
    53,
    42,
    10,
    18,
    12,
    14,
    20,
    15,
    12,
    14,
    20,
    34,
    20,
    12,
    10,
    56,
    1
  ],
  "vocabulary_size": 1223
}