{
  "document_id": "1607.02393",
  "total_sentences": 153,
  "pruned_sentences": 153,
  "total_words": 4238,
  "pruned_words": 4238,
  "unique_words": 1030,
  "mean_sentence_length": 27.69934640522876,
  "stdev_sentence_length": 15.657554493850506,
  "sentence_lengths": [
    1,
    87,
    70,
    49,
    20,
    30,
    60,
    21,
    11,
    38,
    32,
    29,
    46,
    56,
    86,
    28,
    29,
    19,
    23,
    11,
    54,
    12,
    63,
    38,
    31,
    36,
    47,
    21,
    5,
    20,
    17,
    26,
    32,
    20,
    33,
    27,
    11,
    17,
    17,
    36,
    32,
    36,
    36,
    11,
    12,
    39,
    40,
    34,
    29,
    11,
    14,
    11,
    42,
    17,
    39,
    10,
    9,
    24,
    12,
    24,
    31,
    42,
    30,
    25,
    24,
    20,
    61,
    12,
    26,
    41,
    34,
    30,
    36,
    39,
    78,
    23,
    41,
    26,
    20,
    46,
    36,
    25,
    7,
    20,
    27,
    7,
    17,
    21,
    32,
    16,
    26,
    23,
    16,
    29,
    32,
    35,
    12,
    11,
    47,
    38,
    20,
    31,
    28,
    8,
    34,
    9,
    7,
    19,
    27,
    23,
    13,
    30,
    25,
    33,
    37,
    21,
    13,
    19,
    27,
    29,
    34,
    29,
    31,
    29,
    28,
    28,
    29,
    16,
    23,
    21,
    10,
    60,
    29,
    3,
    27,
    31,
    6,
    29,
    69,
    35,
    23,
    48,
    3,
    16,
    13,
    12,
    42,
    18,
    24,
    20,
    24,
    20,
    2
  ],
  "vocabulary_size": 1030
}