{
  "document_id": "1608.01913",
  "total_sentences": 183,
  "pruned_sentences": 182,
  "total_words": 5178,
  "pruned_words": 5055,
  "unique_words": 924,
  "mean_sentence_length": 27.774725274725274,
  "stdev_sentence_length": 20.27460155357321,
  "sentence_lengths": [
    1,
    89,
    54,
    31,
    35,
    20,
    43,
    10,
    39,
    27,
    41,
    84,
    26,
    61,
    8,
    19,
    18,
    34,
    29,
    42,
    25,
    32,
    27,
    31,
    18,
    7,
    42,
    30,
    32,
    20,
    16,
    67,
    10,
    11,
    18,
    43,
    38,
    19,
    30,
    86,
    24,
    17,
    23,
    39,
    37,
    24,
    23,
    21,
    13,
    26,
    63,
    26,
    31,
    10,
    24,
    13,
    9,
    112,
    15,
    16,
    24,
    18,
    11,
    36,
    23,
    15,
    46,
    21,
    21,
    15,
    13,
    8,
    74,
    34,
    40,
    11,
    20,
    35,
    11,
    3,
    19,
    52,
    42,
    38,
    22,
    22,
    82,
    26,
    110,
    18,
    17,
    38,
    19,
    16,
    26,
    32,
    18,
    59,
    22,
    82,
    37,
    11,
    23,
    32,
    7,
    37,
    17,
    11,
    19,
    29,
    28,
    94,
    4,
    25,
    17,
    25,
    15,
    8,
    10,
    13,
    18,
    13,
    21,
    9,
    51,
    60,
    29,
    12,
    6,
    25,
    11,
    43,
    23,
    20,
    13,
    13,
    6,
    13,
    11,
    10,
    51,
    62,
    37,
    21,
    39,
    17,
    49,
    18,
    28,
    11,
    46,
    27,
    21,
    13,
    24,
    59,
    14,
    21,
    27,
    12,
    5,
    8,
    20,
    6,
    17,
    20,
    13,
    41,
    19,
    78,
    34,
    55,
    12,
    14,
    14,
    18,
    19,
    24,
    21,
    11,
    20,
    2
  ],
  "vocabulary_size": 924
}