{
  "document_id": "1709.04872",
  "total_sentences": 199,
  "pruned_sentences": 197,
  "total_words": 5001,
  "pruned_words": 4786,
  "unique_words": 1036,
  "mean_sentence_length": 24.294416243654823,
  "stdev_sentence_length": 14.460876821911953,
  "sentence_lengths": [
    1,
    43,
    72,
    28,
    22,
    20,
    17,
    11,
    18,
    21,
    32,
    9,
    29,
    15,
    20,
    37,
    8,
    18,
    7,
    7,
    11,
    41,
    8,
    21,
    30,
    16,
    26,
    14,
    18,
    9,
    21,
    21,
    25,
    13,
    27,
    8,
    47,
    18,
    45,
    76,
    14,
    5,
    36,
    15,
    13,
    10,
    27,
    22,
    14,
    24,
    55,
    16,
    33,
    18,
    39,
    25,
    17,
    20,
    2,
    12,
    23,
    83,
    17,
    35,
    20,
    18,
    9,
    17,
    16,
    16,
    34,
    36,
    29,
    31,
    51,
    22,
    10,
    12,
    24,
    33,
    27,
    36,
    3,
    14,
    23,
    7,
    8,
    25,
    26,
    33,
    20,
    19,
    39,
    27,
    19,
    25,
    35,
    7,
    28,
    16,
    21,
    6,
    4,
    10,
    7,
    30,
    21,
    13,
    40,
    11,
    20,
    13,
    26,
    12,
    31,
    11,
    30,
    50,
    15,
    36,
    36,
    13,
    35,
    3,
    19,
    20,
    13,
    29,
    59,
    36,
    9,
    13,
    27,
    34,
    13,
    58,
    2,
    24,
    44,
    54,
    13,
    48,
    26,
    7,
    19,
    7,
    28,
    33,
    43,
    12,
    14,
    27,
    29,
    47,
    56,
    33,
    43,
    24,
    24,
    29,
    48,
    15,
    14,
    29,
    20,
    22,
    44,
    76,
    16,
    14,
    22,
    25,
    16,
    26,
    18,
    17,
    33,
    17,
    23,
    28,
    16,
    38,
    32,
    25,
    33,
    44,
    30,
    44,
    35,
    23,
    17,
    19,
    8,
    20,
    8,
    33,
    8
  ],
  "vocabulary_size": 1036
}