{
  "document_id": "1808.09848",
  "total_sentences": 127,
  "pruned_sentences": 127,
  "total_words": 3467,
  "pruned_words": 3467,
  "unique_words": 882,
  "mean_sentence_length": 27.299212598425196,
  "stdev_sentence_length": 18.744868064090436,
  "sentence_lengths": [
    1,
    18,
    18,
    36,
    22,
    55,
    33,
    21,
    12,
    38,
    18,
    33,
    21,
    16,
    7,
    25,
    39,
    12,
    29,
    40,
    100,
    63,
    33,
    19,
    42,
    87,
    20,
    14,
    20,
    27,
    10,
    20,
    39,
    16,
    25,
    19,
    9,
    21,
    16,
    27,
    54,
    23,
    24,
    43,
    20,
    13,
    22,
    24,
    74,
    13,
    19,
    25,
    12,
    60,
    20,
    12,
    33,
    39,
    30,
    13,
    4,
    19,
    4,
    58,
    16,
    41,
    50,
    51,
    9,
    27,
    39,
    22,
    42,
    91,
    37,
    5,
    51,
    29,
    34,
    25,
    31,
    26,
    15,
    92,
    23,
    5,
    5,
    13,
    34,
    25,
    22,
    54,
    11,
    43,
    32,
    16,
    17,
    24,
    19,
    24,
    28,
    31,
    24,
    19,
    21,
    18,
    31,
    11,
    7,
    10,
    31,
    9,
    16,
    12,
    12,
    16,
    28,
    13,
    16,
    10,
    33,
    13,
    24,
    33,
    77,
    43,
    2
  ],
  "vocabulary_size": 882
}