{
  "document_id": "1810.07425",
  "total_sentences": 169,
  "pruned_sentences": 168,
  "total_words": 4505,
  "pruned_words": 4383,
  "unique_words": 991,
  "mean_sentence_length": 26.089285714285715,
  "stdev_sentence_length": 13.931754258967167,
  "sentence_lengths": [
    1,
    6,
    49,
    27,
    27,
    42,
    15,
    43,
    9,
    15,
    36,
    16,
    38,
    19,
    5,
    19,
    20,
    9,
    18,
    14,
    43,
    26,
    13,
    12,
    24,
    17,
    14,
    41,
    40,
    30,
    18,
    69,
    25,
    38,
    44,
    33,
    50,
    12,
    17,
    23,
    25,
    13,
    37,
    19,
    41,
    21,
    31,
    15,
    26,
    32,
    29,
    30,
    14,
    37,
    11,
    14,
    74,
    36,
    43,
    15,
    22,
    40,
    29,
    34,
    22,
    48,
    40,
    77,
    17,
    27,
    24,
    25,
    14,
    18,
    24,
    19,
    28,
    24,
    11,
    42,
    37,
    28,
    34,
    31,
    35,
    11,
    32,
    36,
    21,
    28,
    13,
    21,
    16,
    30,
    64,
    10,
    22,
    17,
    29,
    36,
    8,
    23,
    20,
    34,
    22,
    22,
    11,
    20,
    30,
    44,
    59,
    32,
    38,
    47,
    31,
    19,
    36,
    35,
    20,
    31,
    17,
    23,
    34,
    30,
    12,
    23,
    30,
    23,
    33,
    46,
    38,
    46,
    21,
    18,
    17,
    19,
    20,
    49,
    14,
    7,
    6,
    18,
    9,
    15,
    7,
    5,
    11,
    34,
    26,
    16,
    18,
    12,
    7,
    19,
    6,
    62,
    11,
    36,
    24,
    38,
    29,
    48,
    31,
    10,
    30,
    18,
    17,
    2
  ],
  "vocabulary_size": 991
}