{
  "document_id": "2006.15660",
  "total_sentences": 215,
  "pruned_sentences": 213,
  "total_words": 5982,
  "pruned_words": 5546,
  "unique_words": 1103,
  "mean_sentence_length": 26.037558685446008,
  "stdev_sentence_length": 14.629335275932517,
  "sentence_lengths": [
    1,
    66,
    21,
    14,
    18,
    27,
    28,
    11,
    14,
    22,
    30,
    35,
    45,
    85,
    21,
    13,
    29,
    27,
    12,
    18,
    27,
    25,
    22,
    34,
    36,
    25,
    14,
    20,
    29,
    49,
    89,
    15,
    21,
    25,
    18,
    10,
    42,
    13,
    21,
    21,
    29,
    24,
    14,
    24,
    35,
    36,
    23,
    19,
    17,
    23,
    32,
    31,
    23,
    32,
    29,
    62,
    35,
    19,
    29,
    29,
    10,
    21,
    19,
    42,
    46,
    10,
    26,
    11,
    9,
    24,
    30,
    31,
    36,
    11,
    2,
    28,
    26,
    22,
    25,
    14,
    65,
    24,
    47,
    13,
    46,
    16,
    10,
    20,
    27,
    32,
    70,
    27,
    12,
    14,
    28,
    21,
    10,
    14,
    29,
    12,
    32,
    74,
    22,
    12,
    38,
    54,
    39,
    35,
    16,
    21,
    13,
    37,
    31,
    21,
    19,
    12,
    21,
    19,
    17,
    32,
    46,
    48,
    15,
    10,
    14,
    14,
    27,
    26,
    25,
    13,
    32,
    52,
    23,
    19,
    20,
    21,
    20,
    16,
    9,
    35,
    11,
    11,
    48,
    15,
    46,
    53,
    26,
    22,
    17,
    24,
    32,
    31,
    31,
    22,
    14,
    12,
    29,
    20,
    11,
    40,
    20,
    22,
    18,
    22,
    18,
    18,
    21,
    5,
    62,
    44,
    9,
    53,
    29,
    23,
    28,
    21,
    13,
    33,
    35,
    24,
    18,
    18,
    13,
    55,
    25,
    22,
    15,
    15,
    15,
    33,
    10,
    29,
    18,
    36,
    26,
    37,
    17,
    10,
    25,
    38,
    72,
    10,
    44,
    24,
    44,
    11,
    27,
    32,
    14,
    36,
    21,
    14,
    1
  ],
  "vocabulary_size": 1103
}