{
  "document_id": "2312.12125",
  "total_sentences": 384,
  "pruned_sentences": 383,
  "total_words": 9047,
  "pruned_words": 8762,
  "unique_words": 1078,
  "mean_sentence_length": 22.87728459530026,
  "stdev_sentence_length": 14.049019676255694,
  "sentence_lengths": [
    1,
    85,
    38,
    31,
    18,
    48,
    20,
    33,
    49,
    38,
    19,
    26,
    28,
    27,
    49,
    41,
    25,
    21,
    48,
    15,
    26,
    22,
    16,
    19,
    12,
    19,
    32,
    20,
    22,
    47,
    97,
    22,
    31,
    44,
    32,
    37,
    18,
    36,
    41,
    37,
    21,
    3,
    7,
    3,
    18,
    3,
    22,
    3,
    24,
    3,
    12,
    3,
    12,
    5,
    14,
    23,
    2,
    11,
    22,
    32,
    20,
    43,
    18,
    34,
    12,
    27,
    16,
    24,
    19,
    32,
    21,
    12,
    36,
    18,
    16,
    14,
    34,
    30,
    13,
    12,
    23,
    11,
    13,
    1,
    21,
    10,
    23,
    45,
    31,
    15,
    19,
    43,
    58,
    29,
    25,
    9,
    1,
    23,
    12,
    27,
    27,
    13,
    19,
    8,
    24,
    15,
    31,
    26,
    11,
    32,
    30,
    30,
    12,
    14,
    12,
    17,
    34,
    31,
    19,
    15,
    17,
    20,
    15,
    28,
    50,
    14,
    37,
    27,
    19,
    28,
    10,
    15,
    12,
    13,
    19,
    2,
    22,
    7,
    23,
    4,
    8,
    39,
    29,
    60,
    12,
    16,
    17,
    19,
    16,
    14,
    6,
    47,
    11,
    1,
    21,
    16,
    9,
    24,
    37,
    14,
    30,
    34,
    26,
    19,
    33,
    30,
    22,
    22,
    24,
    21,
    22,
    30,
    7,
    18,
    19,
    17,
    27,
    25,
    22,
    39,
    16,
    30,
    16,
    12,
    18,
    55,
    26,
    23,
    10,
    15,
    11,
    27,
    38,
    34,
    21,
    33,
    22,
    10,
    17,
    59,
    2,
    75,
    5,
    61,
    16,
    16,
    21,
    16,
    6,
    14,
    12,
    54,
    18,
    39,
    37,
    24,
    48,
    68,
    16,
    40,
    36,
    10,
    19,
    17,
    18,
    31,
    45,
    17,
    20,
    21,
    20,
    20,
    26,
    19,
    29,
    31,
    9,
    12,
    1,
    8,
    33,
    18,
    14,
    10,
    26,
    26,
    19,
    25,
    21,
    21,
    39,
    16,
    51,
    25,
    26,
    13,
    20,
    11,
    20,
    34,
    21,
    28,
    33,
    21,
    21,
    1,
    21,
    28,
    29,
    6,
    1,
    15,
    3,
    33,
    19,
    19,
    37,
    21,
    15,
    20,
    16,
    29,
    35,
    9,
    12,
    17,
    24,
    22,
    35,
    26,
    28,
    63,
    22,
    39,
    28,
    17,
    26,
    27,
    15,
    16,
    8,
    1,
    16,
    27,
    27,
    55,
    26,
    16,
    21,
    19,
    2,
    35,
    28,
    2,
    21,
    13,
    27,
    20,
    22,
    3,
    39,
    63,
    41,
    18,
    38,
    19,
    23,
    13,
    14,
    26,
    18,
    26,
    19,
    44,
    20,
    14,
    13,
    6,
    16,
    23,
    17,
    6,
    16,
    23,
    24,
    12,
    65,
    2,
    24,
    31,
    13,
    16,
    57,
    2,
    24,
    31,
    13,
    15,
    12,
    16,
    7,
    9,
    14,
    9,
    14,
    27,
    16,
    22,
    19,
    26,
    19,
    4,
    32,
    64,
    2,
    24,
    31,
    13,
    2,
    51,
    8,
    22,
    42
  ],
  "vocabulary_size": 1078
}