{
  "document_id": "2407.08431",
  "total_sentences": 179,
  "pruned_sentences": 177,
  "total_words": 4359,
  "pruned_words": 4022,
  "unique_words": 864,
  "mean_sentence_length": 22.72316384180791,
  "stdev_sentence_length": 15.181372225872842,
  "sentence_lengths": [
    1,
    38,
    21,
    13,
    80,
    52,
    28,
    15,
    39,
    22,
    99,
    14,
    8,
    8,
    4,
    24,
    26,
    28,
    26,
    17,
    20,
    40,
    30,
    9,
    26,
    42,
    31,
    22,
    20,
    14,
    13,
    16,
    5,
    9,
    23,
    16,
    5,
    9,
    23,
    43,
    22,
    22,
    27,
    17,
    7,
    9,
    13,
    34,
    33,
    24,
    20,
    17,
    16,
    37,
    10,
    20,
    13,
    28,
    36,
    32,
    12,
    26,
    11,
    43,
    25,
    22,
    10,
    19,
    5,
    13,
    23,
    32,
    4,
    33,
    13,
    77,
    23,
    34,
    17,
    42,
    13,
    13,
    14,
    11,
    24,
    10,
    30,
    21,
    20,
    10,
    22,
    19,
    16,
    24,
    26,
    44,
    24,
    11,
    19,
    57,
    58,
    32,
    11,
    18,
    41,
    17,
    30,
    14,
    23,
    28,
    13,
    9,
    38,
    19,
    67,
    17,
    52,
    23,
    19,
    32,
    14,
    30,
    17,
    14,
    8,
    34,
    16,
    24,
    25,
    15,
    29,
    26,
    29,
    35,
    15,
    14,
    17,
    29,
    35,
    51,
    9,
    8,
    29,
    19,
    57,
    24,
    26,
    13,
    24,
    29,
    11,
    10,
    35,
    53,
    26,
    17,
    41,
    11,
    23,
    12,
    2,
    26,
    5,
    9,
    16,
    3,
    8,
    3,
    46,
    18,
    2,
    3,
    10,
    2,
    21,
    3,
    2
  ],
  "vocabulary_size": 864
}