{
  "document_id": "2407.17177",
  "total_sentences": 95,
  "pruned_sentences": 94,
  "total_words": 2350,
  "pruned_words": 2240,
  "unique_words": 663,
  "mean_sentence_length": 23.829787234042552,
  "stdev_sentence_length": 10.827720595193487,
  "sentence_lengths": [
    1,
    15,
    2,
    46,
    24,
    16,
    37,
    33,
    20,
    31,
    35,
    21,
    44,
    27,
    32,
    21,
    28,
    33,
    4,
    17,
    27,
    30,
    30,
    33,
    10,
    9,
    29,
    29,
    17,
    23,
    36,
    45,
    19,
    30,
    18,
    27,
    25,
    12,
    34,
    20,
    30,
    16,
    21,
    15,
    21,
    25,
    17,
    18,
    30,
    23,
    20,
    8,
    32,
    36,
    30,
    25,
    5,
    23,
    32,
    19,
    20,
    16,
    20,
    23,
    44,
    40,
    37,
    14,
    33,
    16,
    27,
    39,
    14,
    29,
    57,
    21,
    16,
    16,
    31,
    9,
    29,
    20,
    9,
    17,
    24,
    28,
    13,
    46,
    9,
    13,
    21,
    20,
    31,
    2
  ],
  "vocabulary_size": 663
}