{
  "document_id": "2409.13015",
  "total_sentences": 469,
  "pruned_sentences": 464,
  "total_words": 11943,
  "pruned_words": 10563,
  "unique_words": 1792,
  "mean_sentence_length": 22.76508620689655,
  "stdev_sentence_length": 14.397578569851866,
  "sentence_lengths": [
    1,
    55,
    33,
    7,
    1,
    13,
    25,
    82,
    69,
    81,
    68,
    13,
    31,
    39,
    40,
    50,
    31,
    59,
    50,
    74,
    35,
    26,
    36,
    34,
    30,
    21,
    14,
    19,
    45,
    48,
    27,
    25,
    11,
    28,
    39,
    20,
    22,
    18,
    29,
    14,
    81,
    34,
    21,
    33,
    25,
    47,
    97,
    20,
    48,
    24,
    41,
    21,
    23,
    19,
    18,
    32,
    29,
    22,
    17,
    17,
    31,
    30,
    37,
    21,
    8,
    19,
    20,
    10,
    65,
    13,
    27,
    15,
    21,
    23,
    24,
    46,
    19,
    32,
    19,
    29,
    44,
    9,
    32,
    53,
    26,
    22,
    51,
    39,
    39,
    21,
    37,
    34,
    22,
    14,
    21,
    11,
    14,
    42,
    51,
    22,
    16,
    15,
    18,
    28,
    20,
    22,
    18,
    29,
    18,
    19,
    53,
    17,
    16,
    27,
    28,
    26,
    21,
    11,
    20,
    17,
    11,
    15,
    15,
    9,
    24,
    21,
    20,
    17,
    19,
    12,
    12,
    32,
    13,
    17,
    15,
    12,
    21,
    49,
    11,
    40,
    8,
    32,
    46,
    31,
    16,
    15,
    54,
    15,
    22,
    17,
    23,
    48,
    18,
    48,
    12,
    19,
    20,
    6,
    21,
    23,
    46,
    21,
    11,
    14,
    14,
    19,
    17,
    12,
    20,
    23,
    14,
    26,
    50,
    22,
    17,
    9,
    29,
    17,
    14,
    19,
    11,
    51,
    32,
    17,
    21,
    35,
    34,
    44,
    17,
    51,
    13,
    47,
    26,
    27,
    41,
    34,
    7,
    10,
    16,
    22,
    27,
    18,
    13,
    17,
    16,
    30,
    10,
    12,
    19,
    20,
    18,
    18,
    18,
    59,
    25,
    18,
    10,
    24,
    27,
    18,
    12,
    39,
    28,
    35,
    19,
    18,
    29,
    36,
    20,
    13,
    15,
    45,
    26,
    23,
    11,
    14,
    14,
    34,
    19,
    20,
    22,
    30,
    13,
    19,
    16,
    16,
    2,
    2,
    11,
    2,
    56,
    34,
    22,
    9,
    20,
    18,
    50,
    42,
    11,
    35,
    30,
    22,
    16,
    29,
    88,
    26,
    12,
    9,
    22,
    29,
    22,
    22,
    18,
    47,
    31,
    24,
    10,
    16,
    32,
    37,
    29,
    49,
    25,
    21,
    44,
    19,
    39,
    23,
    17,
    28,
    12,
    20,
    7,
    11,
    16,
    21,
    25,
    13,
    62,
    12,
    22,
    56,
    24,
    25,
    26,
    78,
    37,
    16,
    30,
    2,
    13,
    21,
    53,
    20,
    7,
    6,
    22,
    12,
    20,
    7,
    12,
    7,
    6,
    22,
    29,
    20,
    12,
    22,
    12,
    28,
    6,
    20,
    12,
    21,
    7,
    6,
    20,
    12,
    21,
    32,
    20,
    37,
    21,
    12,
    20,
    20,
    11,
    12,
    38,
    19,
    12,
    23,
    12,
    22,
    12,
    20,
    12,
    20,
    12,
    20,
    18,
    13,
    19,
    29,
    21,
    13,
    22,
    7,
    7,
    21,
    7,
    12,
    18,
    7,
    12,
    7,
    6,
    25,
    12,
    17,
    13,
    19,
    7,
    7,
    19,
    7,
    7,
    19,
    28,
    6,
    20,
    12,
    22,
    7,
    6,
    21,
    12,
    21,
    7,
    6,
    20,
    11,
    23,
    12,
    20,
    13,
    21,
    7,
    6,
    21,
    7,
    6,
    20,
    7,
    6,
    20,
    19,
    7,
    6,
    20,
    11,
    22,
    7,
    12,
    25,
    7,
    30,
    22,
    7,
    22,
    22,
    7,
    6,
    21,
    7,
    6,
    19,
    12,
    22,
    12,
    20,
    21,
    20,
    12,
    22,
    12,
    19,
    12,
    20,
    12,
    21,
    12,
    21,
    37,
    21,
    7,
    6,
    20,
    34,
    20,
    8,
    34,
    31,
    7
  ],
  "vocabulary_size": 1792
}