{
  "document_id": "2410.08563",
  "total_sentences": 127,
  "pruned_sentences": 125,
  "total_words": 4339,
  "pruned_words": 3893,
  "unique_words": 747,
  "mean_sentence_length": 31.144,
  "stdev_sentence_length": 27.414001602665884,
  "sentence_lengths": [
    1,
    16,
    56,
    24,
    38,
    45,
    24,
    45,
    32,
    30,
    20,
    30,
    27,
    14,
    47,
    26,
    138,
    29,
    8,
    32,
    28,
    35,
    38,
    15,
    23,
    48,
    34,
    51,
    6,
    19,
    23,
    29,
    22,
    71,
    15,
    32,
    17,
    24,
    17,
    17,
    10,
    85,
    95,
    30,
    142,
    11,
    17,
    25,
    44,
    35,
    28,
    46,
    36,
    13,
    68,
    51,
    12,
    10,
    56,
    9,
    164,
    32,
    16,
    99,
    11,
    9,
    11,
    11,
    30,
    8,
    15,
    154,
    20,
    10,
    20,
    12,
    12,
    32,
    22,
    22,
    40,
    47,
    17,
    15,
    13,
    37,
    33,
    20,
    20,
    13,
    19,
    28,
    18,
    40,
    34,
    56,
    19,
    26,
    29,
    17,
    22,
    34,
    5,
    19,
    29,
    11,
    17,
    14,
    21,
    23,
    13,
    40,
    36,
    19,
    26,
    15,
    23,
    32,
    29,
    27,
    20,
    38,
    22,
    36,
    2
  ],
  "vocabulary_size": 747
}