{
  "document_id": "2410.06569",
  "total_sentences": 225,
  "pruned_sentences": 223,
  "total_words": 6364,
  "pruned_words": 5888,
  "unique_words": 947,
  "mean_sentence_length": 26.40358744394619,
  "stdev_sentence_length": 17.47658370687089,
  "sentence_lengths": [
    1,
    59,
    37,
    39,
    21,
    23,
    21,
    15,
    17,
    35,
    25,
    30,
    24,
    49,
    28,
    20,
    10,
    7,
    59,
    48,
    22,
    21,
    30,
    15,
    46,
    24,
    19,
    85,
    26,
    27,
    23,
    22,
    23,
    32,
    51,
    39,
    24,
    27,
    26,
    19,
    25,
    80,
    9,
    9,
    9,
    13,
    12,
    5,
    13,
    40,
    25,
    55,
    28,
    57,
    46,
    18,
    36,
    16,
    29,
    16,
    12,
    21,
    25,
    23,
    27,
    28,
    35,
    37,
    21,
    17,
    127,
    7,
    32,
    65,
    11,
    37,
    31,
    80,
    30,
    55,
    18,
    47,
    27,
    46,
    35,
    24,
    22,
    25,
    57,
    8,
    10,
    9,
    13,
    8,
    11,
    10,
    29,
    21,
    10,
    18,
    17,
    19,
    18,
    17,
    12,
    15,
    21,
    14,
    23,
    28,
    35,
    29,
    40,
    30,
    17,
    15,
    16,
    31,
    27,
    23,
    18,
    61,
    9,
    20,
    20,
    35,
    125,
    13,
    13,
    6,
    6,
    19,
    26,
    35,
    41,
    28,
    15,
    17,
    36,
    21,
    15,
    88,
    8,
    12,
    11,
    10,
    16,
    32,
    20,
    54,
    17,
    13,
    26,
    14,
    23,
    9,
    12,
    22,
    17,
    30,
    31,
    34,
    52,
    21,
    23,
    10,
    9,
    30,
    28,
    23,
    26,
    30,
    44,
    22,
    16,
    16,
    9,
    20,
    20,
    24,
    17,
    15,
    22,
    15,
    25,
    26,
    28,
    32,
    28,
    29,
    42,
    23,
    63,
    35,
    29,
    36,
    18,
    38,
    23,
    16,
    11,
    14,
    27,
    16,
    10,
    17,
    22,
    21,
    17,
    37,
    34,
    24,
    5,
    43,
    33,
    20,
    22,
    21,
    22,
    25,
    23,
    35,
    2
  ],
  "vocabulary_size": 947
}