{
  "document_id": "2502.01840",
  "total_sentences": 434,
  "pruned_sentences": 432,
  "total_words": 11209,
  "pruned_words": 10499,
  "unique_words": 1376,
  "mean_sentence_length": 24.30324074074074,
  "stdev_sentence_length": 12.949596690184183,
  "sentence_lengths": [
    1,
    30,
    42,
    32,
    47,
    27,
    24,
    35,
    49,
    28,
    23,
    35,
    28,
    25,
    15,
    25,
    29,
    17,
    52,
    36,
    41,
    70,
    29,
    49,
    17,
    34,
    29,
    56,
    35,
    26,
    25,
    44,
    17,
    22,
    43,
    21,
    18,
    12,
    22,
    25,
    23,
    58,
    7,
    31,
    7,
    5,
    56,
    14,
    23,
    55,
    43,
    33,
    24,
    28,
    17,
    36,
    35,
    41,
    14,
    15,
    47,
    14,
    17,
    17,
    20,
    17,
    20,
    17,
    15,
    18,
    24,
    34,
    54,
    3,
    28,
    17,
    25,
    22,
    26,
    8,
    21,
    17,
    42,
    37,
    41,
    31,
    19,
    35,
    16,
    39,
    50,
    12,
    34,
    62,
    36,
    18,
    23,
    24,
    11,
    35,
    33,
    26,
    18,
    15,
    16,
    21,
    30,
    13,
    45,
    17,
    43,
    32,
    19,
    24,
    31,
    21,
    29,
    50,
    31,
    15,
    27,
    40,
    19,
    26,
    31,
    18,
    29,
    34,
    17,
    28,
    36,
    12,
    12,
    19,
    17,
    17,
    12,
    11,
    29,
    28,
    13,
    19,
    52,
    11,
    14,
    47,
    32,
    25,
    12,
    10,
    13,
    12,
    16,
    20,
    18,
    18,
    5,
    4,
    29,
    8,
    10,
    21,
    11,
    21,
    30,
    36,
    42,
    37,
    22,
    16,
    19,
    29,
    13,
    22,
    12,
    26,
    16,
    9,
    37,
    29,
    12,
    15,
    29,
    18,
    31,
    15,
    49,
    27,
    37,
    27,
    60,
    28,
    21,
    41,
    45,
    42,
    25,
    13,
    7,
    13,
    12,
    52,
    8,
    12,
    17,
    32,
    11,
    22,
    18,
    13,
    49,
    31,
    23,
    21,
    20,
    49,
    23,
    32,
    30,
    34,
    26,
    18,
    40,
    19,
    15,
    28,
    33,
    11,
    17,
    22,
    30,
    37,
    34,
    47,
    33,
    21,
    21,
    26,
    23,
    31,
    31,
    22,
    50,
    7,
    33,
    22,
    17,
    22,
    27,
    16,
    21,
    36,
    35,
    20,
    34,
    17,
    28,
    71,
    26,
    24,
    10,
    11,
    18,
    29,
    28,
    19,
    23,
    17,
    13,
    8,
    19,
    17,
    16,
    12,
    10,
    25,
    35,
    33,
    9,
    17,
    22,
    15,
    2,
    21,
    57,
    23,
    25,
    25,
    23,
    15,
    47,
    22,
    2,
    36,
    19,
    8,
    21,
    18,
    19,
    41,
    2,
    38,
    35,
    13,
    21,
    7,
    12,
    13,
    20,
    32,
    33,
    4,
    14,
    24,
    13,
    14,
    19,
    61,
    27,
    16,
    36,
    28,
    23,
    3,
    44,
    10,
    16,
    5,
    34,
    22,
    74,
    16,
    22,
    62,
    37,
    27,
    20,
    18,
    40,
    23,
    9,
    17,
    26,
    15,
    31,
    22,
    17,
    14,
    39,
    27,
    26,
    24,
    11,
    35,
    60,
    34,
    35,
    17,
    15,
    40,
    14,
    28,
    18,
    34,
    9,
    26,
    18,
    37,
    3,
    6,
    48,
    16,
    13,
    10,
    30,
    21,
    34,
    16,
    19,
    8,
    30,
    31,
    9,
    29,
    13,
    49,
    12,
    11,
    30,
    11,
    13,
    12,
    26,
    14,
    7,
    9,
    14,
    15,
    31,
    12,
    15,
    15,
    9,
    28,
    7,
    22,
    10,
    19,
    24,
    13,
    15,
    13,
    9,
    25,
    12,
    15,
    56,
    35,
    25,
    12,
    10,
    14,
    20,
    31,
    10,
    19,
    26,
    12,
    14,
    9,
    17,
    2
  ],
  "vocabulary_size": 1376
}