{
  "document_id": "2502.18856",
  "total_sentences": 543,
  "pruned_sentences": 540,
  "total_words": 14451,
  "pruned_words": 13827,
  "unique_words": 1861,
  "mean_sentence_length": 25.605555555555554,
  "stdev_sentence_length": 14.58421792528724,
  "sentence_lengths": [
    1,
    26,
    42,
    54,
    22,
    18,
    41,
    41,
    28,
    25,
    38,
    20,
    25,
    24,
    30,
    29,
    25,
    19,
    35,
    26,
    22,
    18,
    19,
    47,
    21,
    35,
    39,
    13,
    27,
    28,
    28,
    27,
    17,
    25,
    20,
    25,
    25,
    28,
    26,
    17,
    58,
    13,
    17,
    40,
    44,
    19,
    47,
    13,
    55,
    12,
    30,
    26,
    36,
    15,
    32,
    50,
    33,
    7,
    18,
    23,
    17,
    19,
    92,
    12,
    15,
    8,
    7,
    9,
    15,
    4,
    51,
    21,
    24,
    21,
    26,
    32,
    23,
    21,
    28,
    19,
    24,
    30,
    29,
    22,
    50,
    30,
    24,
    72,
    16,
    14,
    11,
    38,
    22,
    43,
    42,
    38,
    33,
    24,
    35,
    35,
    12,
    10,
    17,
    26,
    24,
    51,
    24,
    30,
    14,
    25,
    26,
    16,
    42,
    34,
    30,
    21,
    21,
    10,
    35,
    20,
    23,
    13,
    39,
    24,
    30,
    28,
    34,
    21,
    18,
    31,
    26,
    39,
    43,
    14,
    32,
    23,
    41,
    27,
    27,
    24,
    41,
    3,
    30,
    23,
    64,
    21,
    30,
    15,
    51,
    25,
    21,
    15,
    31,
    36,
    17,
    41,
    22,
    25,
    25,
    17,
    25,
    24,
    21,
    26,
    25,
    38,
    9,
    33,
    38,
    81,
    49,
    30,
    17,
    56,
    37,
    30,
    19,
    21,
    34,
    38,
    11,
    13,
    21,
    17,
    25,
    13,
    29,
    37,
    54,
    25,
    14,
    12,
    47,
    17,
    81,
    11,
    33,
    14,
    21,
    16,
    13,
    39,
    35,
    29,
    2,
    27,
    27,
    44,
    20,
    15,
    24,
    8,
    17,
    25,
    26,
    11,
    32,
    37,
    19,
    14,
    17,
    63,
    27,
    27,
    23,
    29,
    42,
    17,
    30,
    23,
    14,
    15,
    30,
    17,
    32,
    30,
    19,
    30,
    9,
    21,
    26,
    28,
    12,
    12,
    35,
    35,
    18,
    21,
    46,
    24,
    28,
    29,
    23,
    30,
    14,
    33,
    7,
    17,
    11,
    10,
    24,
    19,
    11,
    17,
    49,
    36,
    21,
    36,
    11,
    14,
    23,
    20,
    25,
    17,
    16,
    30,
    36,
    25,
    34,
    23,
    26,
    37,
    25,
    32,
    30,
    29,
    44,
    43,
    39,
    16,
    10,
    10,
    13,
    21,
    15,
    19,
    41,
    24,
    15,
    49,
    24,
    4,
    21,
    30,
    28,
    46,
    34,
    10,
    24,
    16,
    10,
    29,
    45,
    17,
    13,
    26,
    24,
    23,
    42,
    23,
    10,
    39,
    13,
    11,
    54,
    21,
    19,
    21,
    85,
    14,
    31,
    55,
    27,
    24,
    10,
    24,
    23,
    16,
    26,
    18,
    21,
    81,
    42,
    13,
    27,
    20,
    107,
    23,
    33,
    19,
    46,
    36,
    31,
    31,
    34,
    52,
    18,
    55,
    18,
    55,
    39,
    37,
    17,
    32,
    66,
    18,
    58,
    28,
    6,
    32,
    13,
    21,
    25,
    15,
    27,
    17,
    35,
    23,
    55,
    29,
    30,
    49,
    28,
    18,
    41,
    2,
    25,
    2,
    23,
    27,
    30,
    38,
    86,
    18,
    25,
    32,
    32,
    8,
    38,
    30,
    27,
    16,
    22,
    25,
    24,
    22,
    31,
    29,
    17,
    32,
    23,
    30,
    23,
    19,
    29,
    17,
    5,
    34,
    43,
    24,
    11,
    22,
    13,
    15,
    18,
    17,
    28,
    70,
    22,
    10,
    31,
    7,
    36,
    13,
    6,
    20,
    30,
    21,
    19,
    32,
    23,
    12,
    22,
    12,
    23,
    46,
    17,
    23,
    10,
    32,
    20,
    49,
    12,
    20,
    53,
    6,
    20,
    87,
    32,
    23,
    13,
    19,
    7,
    7,
    19,
    7,
    7,
    19,
    7,
    7,
    19,
    10,
    7,
    19,
    7,
    7,
    19,
    13,
    19,
    7,
    30,
    21,
    12,
    23,
    45,
    17,
    20,
    7,
    93,
    20,
    12,
    20,
    58,
    21,
    12,
    20,
    7,
    6,
    20,
    12,
    20,
    12,
    28,
    31,
    19,
    7,
    24,
    22,
    12,
    21,
    15,
    21,
    7,
    6,
    21,
    12,
    27,
    36,
    17,
    22,
    12,
    21,
    9,
    20,
    12,
    21,
    12,
    21,
    12,
    20,
    12,
    6,
    22,
    12,
    22,
    12,
    20,
    12,
    21,
    8
  ],
  "vocabulary_size": 1861
}