{
  "document_id": "2502.11722",
  "total_sentences": 237,
  "pruned_sentences": 234,
  "total_words": 5479,
  "pruned_words": 5146,
  "unique_words": 927,
  "mean_sentence_length": 21.99145299145299,
  "stdev_sentence_length": 11.931489498657701,
  "sentence_lengths": [
    1,
    14,
    25,
    31,
    26,
    16,
    23,
    18,
    22,
    32,
    42,
    19,
    24,
    33,
    34,
    23,
    10,
    24,
    17,
    22,
    16,
    15,
    8,
    2,
    20,
    15,
    11,
    15,
    32,
    26,
    27,
    31,
    16,
    17,
    40,
    16,
    25,
    8,
    30,
    27,
    13,
    16,
    12,
    33,
    23,
    11,
    15,
    17,
    34,
    22,
    52,
    37,
    21,
    14,
    14,
    18,
    23,
    10,
    12,
    17,
    6,
    15,
    1,
    72,
    22,
    22,
    25,
    20,
    20,
    7,
    33,
    12,
    7,
    12,
    21,
    12,
    13,
    8,
    25,
    23,
    19,
    26,
    32,
    33,
    17,
    35,
    18,
    19,
    44,
    7,
    10,
    26,
    6,
    18,
    8,
    14,
    9,
    9,
    15,
    22,
    21,
    16,
    19,
    18,
    45,
    19,
    17,
    14,
    7,
    42,
    32,
    12,
    9,
    10,
    58,
    17,
    12,
    19,
    21,
    44,
    33,
    21,
    20,
    24,
    20,
    29,
    15,
    23,
    20,
    12,
    14,
    11,
    8,
    27,
    11,
    24,
    28,
    22,
    25,
    16,
    23,
    32,
    40,
    19,
    21,
    14,
    12,
    11,
    43,
    9,
    13,
    12,
    13,
    22,
    26,
    15,
    16,
    46,
    26,
    21,
    16,
    26,
    24,
    24,
    30,
    37,
    15,
    15,
    14,
    31,
    15,
    11,
    8,
    15,
    11,
    32,
    15,
    23,
    53,
    33,
    10,
    21,
    32,
    18,
    20,
    24,
    27,
    28,
    37,
    36,
    16,
    46,
    22,
    15,
    23,
    24,
    22,
    60,
    29,
    26,
    23,
    22,
    12,
    14,
    25,
    14,
    13,
    23,
    63,
    9,
    28,
    20,
    31,
    15,
    24,
    25,
    17,
    17,
    23,
    70,
    18,
    54,
    13,
    41,
    11,
    29,
    48,
    15,
    23,
    52,
    22,
    13,
    15,
    1
  ],
  "vocabulary_size": 927
}