{
  "document_id": "2505.11616",
  "total_sentences": 234,
  "pruned_sentences": 231,
  "total_words": 7003,
  "pruned_words": 6383,
  "unique_words": 1192,
  "mean_sentence_length": 27.63203463203463,
  "stdev_sentence_length": 15.942249438100681,
  "sentence_lengths": [
    1,
    115,
    37,
    17,
    31,
    23,
    18,
    60,
    8,
    21,
    35,
    30,
    19,
    22,
    19,
    10,
    48,
    24,
    22,
    21,
    41,
    22,
    33,
    25,
    41,
    61,
    31,
    30,
    13,
    21,
    35,
    30,
    22,
    32,
    44,
    27,
    12,
    9,
    40,
    3,
    51,
    13,
    36,
    16,
    49,
    6,
    41,
    64,
    25,
    34,
    19,
    17,
    24,
    25,
    39,
    24,
    25,
    19,
    22,
    10,
    35,
    17,
    53,
    35,
    36,
    39,
    34,
    34,
    15,
    38,
    23,
    23,
    28,
    33,
    25,
    35,
    31,
    28,
    16,
    78,
    24,
    19,
    42,
    67,
    15,
    22,
    14,
    47,
    17,
    19,
    25,
    50,
    19,
    36,
    58,
    16,
    37,
    48,
    74,
    44,
    42,
    23,
    24,
    28,
    31,
    43,
    13,
    18,
    18,
    22,
    35,
    17,
    27,
    38,
    26,
    20,
    3,
    11,
    27,
    33,
    25,
    28,
    64,
    27,
    24,
    6,
    2,
    47,
    12,
    22,
    25,
    17,
    42,
    46,
    18,
    35,
    40,
    31,
    78,
    28,
    18,
    46,
    37,
    41,
    34,
    2,
    24,
    45,
    55,
    34,
    24,
    27,
    22,
    24,
    40,
    11,
    16,
    57,
    33,
    18,
    20,
    17,
    11,
    16,
    38,
    27,
    9,
    15,
    24,
    17,
    16,
    32,
    12,
    33,
    38,
    23,
    27,
    2,
    45,
    28,
    31,
    37,
    82,
    23,
    31,
    28,
    19,
    26,
    20,
    36,
    40,
    11,
    13,
    15,
    23,
    14,
    13,
    19,
    40,
    27,
    30,
    17,
    19,
    18,
    17,
    28,
    29,
    34,
    17,
    34,
    41,
    30,
    24,
    26,
    42,
    49,
    20,
    2,
    3,
    14,
    2,
    12,
    2,
    22,
    2,
    3,
    9,
    2,
    28,
    17,
    7
  ],
  "vocabulary_size": 1192
}