{
  "document_id": "2506.03721",
  "total_sentences": 152,
  "pruned_sentences": 151,
  "total_words": 4875,
  "pruned_words": 4637,
  "unique_words": 961,
  "mean_sentence_length": 30.70860927152318,
  "stdev_sentence_length": 20.255892773535805,
  "sentence_lengths": [
    1,
    40,
    23,
    9,
    41,
    18,
    4,
    34,
    86,
    47,
    35,
    44,
    38,
    16,
    14,
    29,
    56,
    34,
    25,
    51,
    48,
    33,
    19,
    33,
    23,
    33,
    45,
    38,
    13,
    22,
    36,
    22,
    21,
    49,
    20,
    15,
    43,
    41,
    43,
    22,
    8,
    13,
    104,
    44,
    56,
    17,
    32,
    15,
    20,
    12,
    15,
    13,
    75,
    32,
    17,
    27,
    29,
    18,
    26,
    28,
    20,
    92,
    48,
    12,
    20,
    21,
    22,
    6,
    14,
    35,
    18,
    15,
    29,
    34,
    56,
    29,
    8,
    7,
    9,
    10,
    30,
    19,
    17,
    38,
    59,
    25,
    83,
    48,
    52,
    33,
    40,
    40,
    23,
    14,
    41,
    15,
    8,
    86,
    32,
    94,
    50,
    40,
    17,
    35,
    12,
    20,
    11,
    50,
    10,
    16,
    10,
    19,
    97,
    17,
    56,
    42,
    47,
    74,
    20,
    13,
    22,
    22,
    18,
    26,
    51,
    19,
    26,
    10,
    10,
    18,
    27,
    34,
    13,
    74,
    30,
    20,
    46,
    8,
    47,
    12,
    16,
    27,
    30,
    58,
    10,
    22,
    32,
    17,
    15,
    31,
    23
  ],
  "vocabulary_size": 961
}