{
  "document_id": "2509.01026",
  "total_sentences": 304,
  "pruned_sentences": 302,
  "total_words": 7984,
  "pruned_words": 7430,
  "unique_words": 1059,
  "mean_sentence_length": 24.602649006622517,
  "stdev_sentence_length": 15.828012289163034,
  "sentence_lengths": [
    20,
    7,
    7,
    1,
    4,
    2,
    57,
    23,
    41,
    65,
    36,
    49,
    71,
    24,
    40,
    27,
    21,
    9,
    13,
    55,
    19,
    30,
    40,
    81,
    15,
    31,
    15,
    26,
    15,
    25,
    34,
    19,
    22,
    27,
    11,
    47,
    16,
    20,
    70,
    16,
    31,
    24,
    13,
    11,
    44,
    38,
    13,
    33,
    50,
    34,
    13,
    26,
    33,
    46,
    20,
    57,
    10,
    26,
    22,
    33,
    55,
    26,
    15,
    91,
    8,
    32,
    8,
    21,
    11,
    14,
    35,
    12,
    23,
    13,
    27,
    7,
    37,
    17,
    23,
    13,
    47,
    16,
    12,
    11,
    28,
    12,
    15,
    32,
    11,
    10,
    20,
    13,
    18,
    18,
    9,
    6,
    40,
    16,
    20,
    33,
    17,
    26,
    19,
    10,
    37,
    39,
    18,
    25,
    13,
    18,
    12,
    20,
    32,
    10,
    11,
    22,
    52,
    47,
    33,
    33,
    17,
    26,
    16,
    40,
    24,
    25,
    15,
    13,
    29,
    20,
    14,
    14,
    26,
    8,
    14,
    38,
    47,
    14,
    33,
    25,
    15,
    33,
    37,
    84,
    19,
    19,
    30,
    38,
    37,
    64,
    123,
    60,
    21,
    20,
    22,
    32,
    44,
    46,
    12,
    22,
    16,
    42,
    44,
    26,
    23,
    37,
    36,
    10,
    19,
    29,
    10,
    20,
    14,
    17,
    10,
    27,
    12,
    24,
    26,
    39,
    44,
    14,
    28,
    13,
    20,
    13,
    26,
    24,
    26,
    25,
    8,
    8,
    43,
    31,
    27,
    25,
    54,
    20,
    6,
    25,
    19,
    11,
    14,
    10,
    29,
    31,
    19,
    16,
    18,
    26,
    10,
    17,
    10,
    26,
    12,
    23,
    51,
    16,
    56,
    23,
    11,
    19,
    20,
    39,
    13,
    18,
    24,
    14,
    37,
    24,
    17,
    29,
    36,
    20,
    56,
    19,
    25,
    31,
    23,
    18,
    32,
    18,
    19,
    28,
    28,
    20,
    12,
    39,
    24,
    33,
    23,
    36,
    10,
    41,
    31,
    27,
    16,
    22,
    30,
    29,
    29,
    9,
    36,
    11,
    34,
    9,
    18,
    2,
    8,
    7,
    2,
    9,
    2,
    2,
    34,
    8,
    2,
    2,
    30,
    19,
    15,
    41,
    61,
    22,
    30,
    17,
    12,
    7,
    7,
    23,
    10,
    39,
    14,
    20,
    7,
    14,
    19,
    23,
    10,
    12,
    10,
    2
  ],
  "vocabulary_size": 1059
}