{
  "document_id": "2510.05818",
  "total_sentences": 593,
  "pruned_sentences": 589,
  "total_words": 15231,
  "pruned_words": 14595,
  "unique_words": 1829,
  "mean_sentence_length": 24.779286926994907,
  "stdev_sentence_length": 14.461613939044101,
  "sentence_lengths": [
    1,
    43,
    63,
    41,
    45,
    43,
    34,
    23,
    38,
    26,
    27,
    26,
    15,
    39,
    18,
    22,
    19,
    15,
    39,
    27,
    5,
    24,
    82,
    22,
    34,
    7,
    32,
    24,
    14,
    36,
    42,
    12,
    12,
    12,
    22,
    19,
    24,
    50,
    13,
    28,
    34,
    23,
    59,
    50,
    17,
    27,
    28,
    17,
    30,
    11,
    14,
    15,
    49,
    28,
    21,
    30,
    14,
    36,
    29,
    19,
    25,
    38,
    33,
    23,
    17,
    23,
    46,
    29,
    25,
    35,
    23,
    24,
    43,
    18,
    11,
    10,
    9,
    33,
    54,
    31,
    10,
    15,
    20,
    18,
    27,
    17,
    44,
    19,
    23,
    16,
    38,
    31,
    18,
    60,
    24,
    19,
    17,
    50,
    72,
    54,
    19,
    49,
    15,
    23,
    57,
    9,
    32,
    13,
    16,
    29,
    14,
    32,
    13,
    27,
    26,
    41,
    45,
    30,
    22,
    48,
    25,
    6,
    21,
    11,
    20,
    18,
    13,
    13,
    28,
    15,
    7,
    9,
    23,
    21,
    30,
    9,
    21,
    1,
    23,
    23,
    28,
    13,
    29,
    40,
    13,
    20,
    18,
    14,
    20,
    68,
    12,
    43,
    21,
    10,
    41,
    6,
    34,
    71,
    18,
    11,
    59,
    28,
    19,
    2,
    5,
    15,
    18,
    34,
    28,
    30,
    21,
    36,
    25,
    30,
    32,
    22,
    8,
    15,
    18,
    40,
    31,
    18,
    20,
    11,
    7,
    18,
    9,
    16,
    17,
    46,
    33,
    12,
    18,
    8,
    1,
    27,
    32,
    30,
    16,
    10,
    26,
    18,
    14,
    37,
    19,
    45,
    19,
    40,
    14,
    26,
    39,
    48,
    35,
    5,
    31,
    59,
    43,
    6,
    12,
    27,
    17,
    35,
    6,
    21,
    22,
    14,
    56,
    21,
    39,
    21,
    7,
    7,
    39,
    42,
    21,
    37,
    32,
    27,
    41,
    34,
    36,
    15,
    5,
    9,
    14,
    19,
    28,
    33,
    23,
    24,
    26,
    35,
    12,
    32,
    43,
    11,
    24,
    26,
    13,
    11,
    28,
    25,
    19,
    33,
    22,
    49,
    21,
    28,
    28,
    34,
    10,
    36,
    18,
    26,
    35,
    26,
    25,
    36,
    17,
    12,
    41,
    23,
    11,
    52,
    19,
    36,
    8,
    31,
    11,
    19,
    30,
    23,
    30,
    17,
    25,
    60,
    33,
    6,
    28,
    20,
    21,
    31,
    24,
    50,
    6,
    45,
    41,
    30,
    45,
    16,
    36,
    12,
    20,
    9,
    17,
    28,
    22,
    24,
    14,
    32,
    19,
    28,
    34,
    4,
    23,
    25,
    16,
    15,
    44,
    35,
    52,
    16,
    13,
    15,
    31,
    22,
    21,
    33,
    49,
    23,
    29,
    45,
    6,
    32,
    28,
    3,
    14,
    26,
    21,
    13,
    7,
    31,
    55,
    29,
    31,
    10,
    7,
    23,
    42,
    20,
    24,
    12,
    19,
    13,
    42,
    46,
    8,
    21,
    15,
    9,
    17,
    28,
    11,
    15,
    77,
    15,
    17,
    18,
    20,
    50,
    24,
    28,
    32,
    19,
    60,
    12,
    30,
    33,
    31,
    34,
    21,
    11,
    24,
    22,
    25,
    21,
    11,
    23,
    35,
    9,
    55,
    29,
    8,
    18,
    13,
    36,
    13,
    15,
    42,
    34,
    49,
    19,
    18,
    43,
    37,
    34,
    20,
    30,
    30,
    21,
    55,
    34,
    15,
    19,
    18,
    36,
    38,
    26,
    36,
    40,
    41,
    28,
    17,
    23,
    40,
    32,
    20,
    38,
    23,
    21,
    24,
    24,
    20,
    36,
    17,
    12,
    11,
    15,
    35,
    38,
    35,
    84,
    23,
    26,
    12,
    13,
    23,
    17,
    38,
    21,
    28,
    25,
    40,
    12,
    23,
    31,
    6,
    49,
    36,
    45,
    14,
    4,
    36,
    23,
    17,
    9,
    50,
    13,
    19,
    4,
    21,
    26,
    20,
    11,
    9,
    12,
    18,
    25,
    7,
    27,
    5,
    24,
    23,
    26,
    27,
    3,
    36,
    22,
    17,
    30,
    23,
    42,
    2,
    3,
    39,
    30,
    5,
    20,
    6,
    26,
    42,
    5,
    5,
    12,
    36,
    6,
    4,
    6,
    9,
    11,
    4,
    6,
    4,
    6,
    9,
    12,
    10,
    4,
    6,
    4,
    6,
    9,
    4,
    52,
    13,
    18,
    43,
    16,
    48,
    16,
    42,
    43,
    14,
    25,
    27,
    12,
    19,
    21,
    32,
    18,
    29,
    46,
    22,
    40,
    21,
    6,
    27,
    23,
    24,
    37,
    27,
    7,
    19,
    20,
    14,
    22,
    21,
    35,
    40,
    20,
    13,
    14,
    13,
    10,
    12,
    9,
    15,
    85,
    20,
    20,
    87,
    8,
    9,
    16,
    19,
    19,
    4,
    95,
    1
  ],
  "vocabulary_size": 1829
}