{
  "document_id": "2510.27591",
  "total_sentences": 552,
  "pruned_sentences": 547,
  "total_words": 14532,
  "pruned_words": 13735,
  "unique_words": 1815,
  "mean_sentence_length": 25.10968921389397,
  "stdev_sentence_length": 13.954624179239696,
  "sentence_lengths": [
    1,
    16,
    33,
    34,
    27,
    28,
    25,
    49,
    15,
    29,
    30,
    46,
    51,
    46,
    59,
    41,
    22,
    12,
    30,
    9,
    12,
    19,
    33,
    27,
    16,
    21,
    7,
    18,
    27,
    27,
    23,
    59,
    21,
    21,
    9,
    50,
    6,
    32,
    29,
    24,
    36,
    24,
    36,
    14,
    21,
    21,
    26,
    33,
    37,
    15,
    4,
    26,
    35,
    7,
    27,
    51,
    20,
    24,
    17,
    7,
    7,
    12,
    19,
    17,
    2,
    17,
    4,
    14,
    38,
    21,
    14,
    28,
    31,
    19,
    41,
    38,
    14,
    37,
    51,
    25,
    23,
    52,
    22,
    6,
    31,
    8,
    25,
    33,
    21,
    32,
    31,
    28,
    19,
    34,
    33,
    21,
    28,
    57,
    23,
    27,
    41,
    41,
    4,
    16,
    34,
    32,
    23,
    28,
    29,
    29,
    27,
    42,
    26,
    55,
    37,
    17,
    30,
    5,
    23,
    28,
    31,
    44,
    22,
    32,
    23,
    40,
    25,
    2,
    9,
    28,
    55,
    30,
    16,
    12,
    24,
    5,
    22,
    44,
    9,
    6,
    28,
    35,
    37,
    12,
    30,
    30,
    6,
    66,
    22,
    30,
    13,
    16,
    19,
    90,
    16,
    9,
    5,
    25,
    28,
    15,
    32,
    19,
    6,
    24,
    22,
    6,
    28,
    6,
    26,
    22,
    28,
    35,
    38,
    22,
    27,
    18,
    20,
    20,
    25,
    27,
    28,
    23,
    14,
    28,
    20,
    20,
    38,
    16,
    18,
    54,
    14,
    18,
    32,
    23,
    32,
    33,
    29,
    28,
    86,
    38,
    15,
    22,
    20,
    11,
    15,
    23,
    25,
    30,
    33,
    15,
    24,
    35,
    19,
    20,
    52,
    16,
    18,
    15,
    23,
    28,
    15,
    21,
    49,
    11,
    5,
    15,
    27,
    14,
    11,
    14,
    14,
    40,
    11,
    29,
    32,
    14,
    63,
    28,
    28,
    54,
    17,
    13,
    21,
    34,
    7,
    39,
    32,
    29,
    22,
    56,
    27,
    28,
    19,
    21,
    17,
    21,
    21,
    42,
    22,
    9,
    40,
    60,
    34,
    21,
    15,
    44,
    23,
    30,
    26,
    11,
    28,
    12,
    35,
    29,
    40,
    38,
    50,
    14,
    26,
    43,
    58,
    25,
    20,
    23,
    54,
    45,
    34,
    20,
    13,
    10,
    13,
    25,
    30,
    25,
    18,
    4,
    22,
    56,
    15,
    43,
    34,
    23,
    22,
    38,
    34,
    9,
    15,
    7,
    24,
    15,
    31,
    8,
    28,
    26,
    31,
    14,
    10,
    25,
    14,
    35,
    14,
    25,
    12,
    49,
    17,
    18,
    7,
    14,
    18,
    28,
    45,
    41,
    9,
    18,
    34,
    24,
    12,
    20,
    44,
    13,
    31,
    24,
    14,
    2,
    19,
    5,
    27,
    41,
    41,
    8,
    33,
    17,
    31,
    13,
    52,
    21,
    28,
    18,
    19,
    20,
    22,
    24,
    18,
    31,
    8,
    48,
    16,
    42,
    31,
    34,
    38,
    26,
    9,
    11,
    3,
    13,
    25,
    23,
    19,
    22,
    26,
    29,
    47,
    24,
    42,
    15,
    18,
    73,
    41,
    26,
    28,
    15,
    27,
    30,
    44,
    62,
    41,
    25,
    11,
    5,
    48,
    10,
    29,
    14,
    27,
    34,
    22,
    28,
    18,
    17,
    78,
    17,
    20,
    14,
    29,
    19,
    75,
    44,
    13,
    18,
    34,
    16,
    21,
    8,
    36,
    20,
    17,
    32,
    14,
    22,
    34,
    15,
    14,
    5,
    5,
    5,
    16,
    54,
    30,
    35,
    17,
    57,
    40,
    26,
    4,
    3,
    46,
    10,
    13,
    31,
    35,
    14,
    41,
    53,
    23,
    48,
    15,
    36,
    13,
    24,
    22,
    13,
    39,
    17,
    22,
    30,
    23,
    27,
    5,
    28,
    23,
    30,
    33,
    29,
    16,
    9,
    36,
    32,
    7,
    23,
    17,
    36,
    7,
    24,
    26,
    28,
    32,
    33,
    21,
    22,
    4,
    19,
    41,
    29,
    30,
    18,
    35,
    22,
    22,
    28,
    23,
    3,
    8,
    14,
    14,
    12,
    16,
    18,
    30,
    19,
    8,
    19,
    5,
    3,
    33,
    23,
    17,
    15,
    4,
    14,
    37,
    23,
    37,
    15,
    45,
    37,
    4,
    23,
    3,
    14,
    11,
    18,
    9,
    95,
    24,
    26,
    14,
    21,
    14,
    41,
    38,
    19,
    17,
    14,
    18,
    31,
    2
  ],
  "vocabulary_size": 1815
}