{
  "document_id": "2510.12513",
  "total_sentences": 629,
  "pruned_sentences": 622,
  "total_words": 20660,
  "pruned_words": 19119,
  "unique_words": 2684,
  "mean_sentence_length": 30.737942122186496,
  "stdev_sentence_length": 21.72038248751739,
  "sentence_lengths": [
    1,
    97,
    133,
    38,
    35,
    28,
    24,
    20,
    33,
    56,
    34,
    22,
    36,
    43,
    35,
    12,
    31,
    49,
    50,
    35,
    30,
    15,
    24,
    12,
    30,
    29,
    14,
    18,
    23,
    15,
    28,
    16,
    22,
    44,
    39,
    20,
    28,
    49,
    18,
    24,
    29,
    49,
    96,
    14,
    11,
    8,
    24,
    18,
    18,
    8,
    30,
    20,
    18,
    41,
    39,
    39,
    24,
    29,
    19,
    20,
    32,
    39,
    26,
    2,
    17,
    15,
    21,
    17,
    17,
    38,
    19,
    21,
    17,
    36,
    39,
    13,
    43,
    17,
    18,
    33,
    14,
    39,
    11,
    14,
    49,
    31,
    8,
    22,
    40,
    8,
    27,
    28,
    29,
    25,
    16,
    17,
    27,
    20,
    2,
    17,
    16,
    26,
    47,
    33,
    25,
    11,
    21,
    15,
    25,
    13,
    18,
    40,
    29,
    24,
    2,
    21,
    13,
    5,
    16,
    16,
    28,
    23,
    30,
    18,
    24,
    21,
    33,
    36,
    70,
    48,
    15,
    30,
    42,
    12,
    23,
    22,
    17,
    24,
    12,
    60,
    22,
    22,
    48,
    21,
    8,
    14,
    23,
    3,
    17,
    44,
    35,
    23,
    36,
    16,
    37,
    18,
    24,
    11,
    10,
    17,
    35,
    28,
    30,
    33,
    22,
    11,
    22,
    24,
    19,
    20,
    24,
    20,
    12,
    43,
    9,
    5,
    19,
    21,
    49,
    23,
    28,
    33,
    43,
    27,
    38,
    20,
    20,
    16,
    21,
    41,
    1,
    13,
    12,
    39,
    30,
    11,
    27,
    16,
    6,
    21,
    90,
    17,
    53,
    21,
    25,
    23,
    32,
    13,
    20,
    21,
    26,
    24,
    17,
    41,
    24,
    21,
    8,
    5,
    28,
    31,
    38,
    22,
    33,
    32,
    22,
    24,
    14,
    30,
    31,
    44,
    27,
    39,
    20,
    16,
    2,
    12,
    25,
    43,
    35,
    28,
    22,
    23,
    42,
    38,
    20,
    12,
    19,
    18,
    18,
    63,
    29,
    14,
    18,
    8,
    14,
    45,
    39,
    8,
    19,
    47,
    26,
    23,
    28,
    15,
    27,
    2,
    21,
    20,
    10,
    20,
    20,
    40,
    7,
    33,
    26,
    13,
    24,
    50,
    34,
    9,
    19,
    60,
    30,
    28,
    21,
    25,
    23,
    27,
    37,
    33,
    22,
    29,
    12,
    19,
    18,
    18,
    16,
    20,
    30,
    14,
    30,
    8,
    14,
    21,
    35,
    10,
    41,
    40,
    21,
    28,
    25,
    29,
    33,
    19,
    44,
    16,
    98,
    20,
    9,
    7,
    26,
    22,
    36,
    17,
    28,
    26,
    26,
    25,
    58,
    65,
    35,
    34,
    21,
    29,
    47,
    66,
    7,
    26,
    31,
    19,
    61,
    6,
    11,
    19,
    25,
    16,
    23,
    25,
    42,
    32,
    32,
    22,
    27,
    70,
    19,
    31,
    19,
    30,
    49,
    28,
    22,
    32,
    29,
    14,
    10,
    41,
    42,
    62,
    21,
    37,
    30,
    27,
    71,
    18,
    17,
    32,
    13,
    18,
    25,
    20,
    10,
    17,
    37,
    18,
    25,
    16,
    22,
    44,
    26,
    12,
    31,
    20,
    24,
    16,
    30,
    14,
    17,
    36,
    27,
    45,
    32,
    24,
    45,
    33,
    30,
    31,
    25,
    25,
    43,
    18,
    23,
    15,
    12,
    43,
    24,
    68,
    23,
    24,
    74,
    39,
    65,
    2,
    2,
    22,
    3,
    2,
    27,
    3,
    43,
    13,
    19,
    24,
    18,
    47,
    63,
    1,
    2,
    17,
    26,
    42,
    21,
    13,
    21,
    26,
    21,
    16,
    20,
    90,
    16,
    45,
    12,
    118,
    32,
    34,
    61,
    82,
    29,
    75,
    34,
    60,
    28,
    49,
    29,
    24,
    30,
    62,
    68,
    78,
    54,
    89,
    30,
    84,
    36,
    101,
    53,
    14,
    2,
    22,
    53,
    14,
    26,
    53,
    14,
    26,
    49,
    14,
    2,
    26,
    90,
    105,
    26,
    40,
    98,
    60,
    64,
    22,
    91,
    28,
    110,
    25,
    112,
    79,
    107,
    50,
    43,
    7,
    32,
    16,
    20,
    46,
    59,
    14,
    2,
    25,
    63,
    33,
    30,
    25,
    28,
    70,
    47,
    28,
    78,
    32,
    70,
    33,
    39,
    76,
    61,
    44,
    14,
    2,
    28,
    62,
    11,
    26,
    97,
    11,
    2,
    24,
    27,
    61,
    68,
    54,
    55,
    34,
    14,
    15,
    72,
    35,
    9,
    24,
    59,
    46,
    29,
    10,
    55,
    33,
    26,
    46,
    13,
    2,
    58,
    72,
    25,
    30,
    66,
    10,
    2,
    34,
    23,
    134,
    19,
    2,
    20,
    14,
    58,
    27,
    45,
    77,
    20,
    48,
    31,
    76,
    29,
    117,
    27,
    46,
    49,
    9,
    32,
    12,
    20,
    151,
    49,
    23,
    36,
    69,
    43,
    35,
    53,
    9,
    66,
    65,
    82,
    10,
    2,
    30,
    38,
    21,
    110,
    8,
    2,
    19,
    4,
    12,
    18,
    30,
    12,
    18,
    24,
    46
  ],
  "vocabulary_size": 2684
}