{
  "document_id": "2511.20091",
  "total_sentences": 399,
  "pruned_sentences": 395,
  "total_words": 13912,
  "pruned_words": 12670,
  "unique_words": 2395,
  "mean_sentence_length": 32.075949367088604,
  "stdev_sentence_length": 25.15977984048738,
  "sentence_lengths": [
    1,
    62,
    67,
    4,
    31,
    17,
    27,
    31,
    20,
    13,
    35,
    16,
    28,
    23,
    41,
    30,
    132,
    27,
    116,
    26,
    62,
    29,
    23,
    23,
    11,
    14,
    21,
    18,
    20,
    32,
    7,
    20,
    39,
    24,
    28,
    14,
    20,
    27,
    13,
    36,
    28,
    38,
    15,
    21,
    27,
    7,
    23,
    19,
    14,
    19,
    39,
    22,
    49,
    24,
    14,
    20,
    22,
    26,
    7,
    56,
    30,
    18,
    23,
    15,
    63,
    16,
    23,
    4,
    13,
    22,
    13,
    41,
    19,
    55,
    24,
    46,
    12,
    19,
    26,
    31,
    19,
    79,
    12,
    18,
    62,
    20,
    25,
    19,
    20,
    10,
    31,
    22,
    10,
    28,
    11,
    40,
    42,
    42,
    34,
    8,
    34,
    20,
    26,
    25,
    86,
    26,
    65,
    13,
    33,
    53,
    9,
    41,
    74,
    28,
    24,
    8,
    3,
    3,
    11,
    34,
    28,
    24,
    29,
    28,
    23,
    29,
    23,
    34,
    38,
    33,
    25,
    34,
    55,
    26,
    19,
    33,
    9,
    17,
    48,
    24,
    19,
    40,
    42,
    14,
    154,
    33,
    13,
    35,
    17,
    29,
    26,
    50,
    35,
    61,
    19,
    28,
    35,
    30,
    34,
    1,
    46,
    61,
    8,
    37,
    35,
    35,
    14,
    42,
    20,
    59,
    23,
    7,
    30,
    15,
    62,
    16,
    44,
    37,
    18,
    24,
    24,
    40,
    41,
    14,
    14,
    41,
    17,
    54,
    28,
    54,
    45,
    46,
    25,
    21,
    18,
    14,
    48,
    22,
    45,
    21,
    6,
    2,
    12,
    45,
    27,
    32,
    9,
    87,
    20,
    13,
    18,
    28,
    27,
    22,
    40,
    18,
    12,
    41,
    26,
    46,
    30,
    18,
    21,
    90,
    43,
    29,
    29,
    35,
    19,
    13,
    27,
    12,
    14,
    9,
    11,
    15,
    33,
    21,
    26,
    8,
    22,
    19,
    21,
    27,
    13,
    47,
    17,
    33,
    16,
    4,
    27,
    27,
    34,
    16,
    54,
    71,
    37,
    24,
    25,
    21,
    33,
    46,
    112,
    20,
    27,
    120,
    20,
    14,
    12,
    19,
    7,
    19,
    11,
    24,
    25,
    33,
    12,
    17,
    26,
    41,
    30,
    32,
    26,
    17,
    33,
    36,
    60,
    34,
    32,
    32,
    38,
    47,
    21,
    23,
    51,
    10,
    5,
    11,
    22,
    15,
    21,
    41,
    8,
    59,
    33,
    57,
    29,
    32,
    27,
    17,
    17,
    37,
    16,
    28,
    18,
    19,
    82,
    24,
    14,
    24,
    33,
    22,
    32,
    39,
    7,
    14,
    24,
    19,
    2,
    30,
    2,
    30,
    93,
    19,
    54,
    139,
    6,
    21,
    14,
    20,
    127,
    93,
    62,
    46,
    32,
    66,
    21,
    57,
    84,
    6,
    20,
    7,
    87,
    47,
    48,
    44,
    34,
    30,
    20,
    15,
    13,
    90,
    186,
    31,
    46,
    42,
    6,
    21,
    7,
    32,
    84,
    44,
    21,
    45,
    87,
    48,
    117,
    109,
    25,
    156,
    102,
    56,
    58,
    6,
    20,
    81,
    29,
    38,
    15,
    35,
    24,
    24,
    28,
    14,
    1
  ],
  "vocabulary_size": 2395
}