{
  "document_id": "2511.19572",
  "total_sentences": 861,
  "pruned_sentences": 856,
  "total_words": 22684,
  "pruned_words": 21874,
  "unique_words": 1663,
  "mean_sentence_length": 25.55373831775701,
  "stdev_sentence_length": 12.360828907148306,
  "sentence_lengths": [
    1,
    18,
    37,
    46,
    31,
    34,
    22,
    27,
    19,
    25,
    31,
    40,
    17,
    32,
    32,
    26,
    21,
    38,
    35,
    18,
    24,
    29,
    28,
    39,
    47,
    16,
    17,
    11,
    26,
    25,
    30,
    30,
    15,
    24,
    49,
    34,
    16,
    39,
    16,
    35,
    7,
    21,
    33,
    28,
    50,
    24,
    25,
    22,
    50,
    16,
    32,
    25,
    19,
    14,
    12,
    65,
    39,
    22,
    23,
    21,
    23,
    15,
    48,
    28,
    88,
    27,
    10,
    14,
    6,
    21,
    13,
    24,
    12,
    41,
    31,
    41,
    8,
    28,
    17,
    43,
    9,
    26,
    17,
    33,
    18,
    19,
    16,
    76,
    19,
    16,
    35,
    53,
    29,
    48,
    33,
    30,
    16,
    27,
    37,
    34,
    22,
    27,
    18,
    9,
    29,
    28,
    31,
    12,
    15,
    13,
    18,
    28,
    25,
    29,
    31,
    27,
    19,
    10,
    25,
    14,
    17,
    20,
    27,
    34,
    25,
    25,
    41,
    47,
    31,
    14,
    14,
    12,
    28,
    33,
    22,
    12,
    21,
    36,
    26,
    8,
    10,
    18,
    8,
    25,
    17,
    20,
    11,
    30,
    21,
    16,
    14,
    8,
    7,
    26,
    18,
    18,
    31,
    16,
    6,
    27,
    16,
    26,
    35,
    16,
    15,
    20,
    17,
    24,
    20,
    21,
    48,
    48,
    23,
    16,
    23,
    29,
    24,
    14,
    21,
    11,
    26,
    28,
    15,
    32,
    20,
    16,
    13,
    22,
    25,
    34,
    49,
    24,
    19,
    21,
    34,
    11,
    18,
    42,
    41,
    15,
    13,
    14,
    35,
    16,
    38,
    13,
    13,
    34,
    20,
    28,
    36,
    26,
    25,
    21,
    14,
    24,
    23,
    15,
    11,
    24,
    12,
    17,
    13,
    25,
    37,
    18,
    13,
    14,
    14,
    22,
    17,
    12,
    31,
    12,
    34,
    24,
    35,
    12,
    28,
    15,
    27,
    41,
    57,
    40,
    23,
    25,
    58,
    15,
    20,
    9,
    15,
    25,
    20,
    18,
    34,
    44,
    14,
    23,
    21,
    8,
    22,
    48,
    11,
    33,
    15,
    20,
    54,
    67,
    10,
    24,
    25,
    50,
    33,
    9,
    19,
    18,
    28,
    28,
    24,
    30,
    27,
    15,
    19,
    18,
    17,
    21,
    8,
    43,
    38,
    19,
    25,
    17,
    30,
    38,
    45,
    29,
    34,
    16,
    23,
    17,
    39,
    12,
    30,
    34,
    13,
    38,
    5,
    25,
    43,
    23,
    19,
    11,
    16,
    23,
    27,
    57,
    25,
    18,
    32,
    8,
    30,
    21,
    32,
    26,
    30,
    21,
    45,
    15,
    31,
    16,
    19,
    19,
    20,
    19,
    25,
    25,
    16,
    45,
    32,
    14,
    21,
    18,
    13,
    45,
    60,
    30,
    26,
    40,
    28,
    17,
    25,
    25,
    24,
    27,
    21,
    25,
    18,
    65,
    29,
    50,
    15,
    17,
    17,
    24,
    12,
    22,
    17,
    22,
    19,
    18,
    27,
    33,
    32,
    31,
    22,
    17,
    21,
    50,
    12,
    36,
    16,
    27,
    27,
    17,
    20,
    10,
    25,
    14,
    18,
    21,
    22,
    34,
    16,
    38,
    31,
    31,
    14,
    41,
    68,
    30,
    36,
    29,
    37,
    20,
    12,
    19,
    18,
    28,
    19,
    39,
    45,
    58,
    25,
    23,
    13,
    20,
    31,
    18,
    56,
    22,
    25,
    25,
    12,
    19,
    13,
    38,
    14,
    28,
    10,
    56,
    28,
    41,
    44,
    65,
    20,
    31,
    16,
    21,
    15,
    24,
    10,
    33,
    21,
    33,
    18,
    29,
    26,
    26,
    20,
    18,
    10,
    14,
    22,
    31,
    45,
    27,
    37,
    22,
    15,
    18,
    49,
    22,
    29,
    50,
    10,
    38,
    33,
    20,
    18,
    12,
    25,
    5,
    63,
    70,
    33,
    24,
    42,
    21,
    8,
    20,
    32,
    41,
    49,
    35,
    18,
    27,
    27,
    36,
    38,
    27,
    35,
    2,
    34,
    23,
    40,
    7,
    46,
    17,
    18,
    23,
    32,
    26,
    17,
    26,
    50,
    17,
    38,
    13,
    13,
    19,
    17,
    27,
    15,
    24,
    16,
    40,
    25,
    39,
    29,
    13,
    23,
    48,
    22,
    31,
    3,
    24,
    25,
    25,
    24,
    40,
    32,
    39,
    31,
    28,
    33,
    69,
    29,
    9,
    39,
    13,
    29,
    22,
    20,
    17,
    21,
    33,
    39,
    28,
    53,
    33,
    19,
    26,
    27,
    30,
    24,
    16,
    38,
    25,
    26,
    36,
    20,
    41,
    34,
    29,
    35,
    7,
    14,
    11,
    20,
    41,
    17,
    28,
    47,
    34,
    59,
    18,
    16,
    23,
    36,
    30,
    15,
    20,
    32,
    16,
    24,
    22,
    27,
    25,
    25,
    25,
    39,
    13,
    28,
    13,
    8,
    16,
    21,
    26,
    33,
    18,
    20,
    19,
    30,
    23,
    21,
    13,
    28,
    40,
    26,
    23,
    13,
    18,
    39,
    42,
    33,
    42,
    45,
    21,
    15,
    19,
    14,
    32,
    42,
    32,
    24,
    24,
    17,
    31,
    11,
    20,
    70,
    12,
    30,
    26,
    37,
    12,
    32,
    31,
    24,
    18,
    17,
    25,
    23,
    13,
    17,
    31,
    12,
    27,
    11,
    18,
    26,
    27,
    36,
    38,
    83,
    24,
    16,
    49,
    34,
    57,
    12,
    18,
    18,
    39,
    14,
    23,
    14,
    21,
    17,
    25,
    18,
    34,
    21,
    34,
    17,
    32,
    25,
    27,
    18,
    15,
    42,
    33,
    25,
    25,
    27,
    17,
    19,
    18,
    16,
    26,
    12,
    24,
    14,
    23,
    22,
    14,
    21,
    71,
    12,
    16,
    24,
    21,
    24,
    35,
    24,
    17,
    20,
    40,
    16,
    73,
    39,
    11,
    10,
    13,
    28,
    45,
    21,
    21,
    34,
    35,
    27,
    22,
    19,
    36,
    46,
    17,
    24,
    22,
    25,
    27,
    53,
    17,
    17,
    11,
    25,
    17,
    44,
    22,
    43,
    23,
    22,
    27,
    29,
    29,
    29,
    30,
    19,
    33,
    10,
    21,
    22,
    27,
    15,
    17,
    36,
    29,
    16,
    18,
    20,
    20,
    27,
    44,
    16,
    15,
    25,
    31,
    27,
    22,
    17,
    53,
    30,
    22,
    57,
    19,
    19,
    23,
    44,
    36,
    14,
    17,
    19,
    66,
    20,
    12,
    37,
    14,
    25,
    25,
    36,
    15,
    2,
    8,
    2,
    20,
    2,
    9,
    2,
    2,
    22,
    18,
    53,
    13,
    17,
    41,
    50,
    12,
    22,
    13,
    21,
    7,
    24,
    8,
    50,
    24,
    25,
    20,
    37,
    19,
    20,
    14,
    13,
    24,
    34,
    31,
    21,
    35,
    47,
    35,
    50,
    21,
    30,
    9,
    22,
    26,
    20,
    19,
    22,
    20,
    40,
    26,
    25,
    22,
    26,
    26,
    23,
    25,
    20,
    17,
    14,
    9,
    38,
    25,
    27,
    10,
    21,
    1
  ],
  "vocabulary_size": 1663
}