{
  "document_id": "2511.08309",
  "total_sentences": 499,
  "pruned_sentences": 495,
  "total_words": 13214,
  "pruned_words": 12769,
  "unique_words": 1397,
  "mean_sentence_length": 25.795959595959594,
  "stdev_sentence_length": 15.435014083422445,
  "sentence_lengths": [
    1,
    74,
    28,
    36,
    82,
    26,
    28,
    28,
    17,
    17,
    31,
    24,
    23,
    31,
    45,
    30,
    30,
    38,
    70,
    25,
    73,
    75,
    26,
    71,
    29,
    60,
    18,
    24,
    26,
    91,
    60,
    37,
    57,
    24,
    32,
    26,
    12,
    19,
    7,
    29,
    15,
    27,
    42,
    17,
    39,
    60,
    14,
    21,
    26,
    35,
    12,
    12,
    10,
    21,
    29,
    13,
    13,
    35,
    20,
    13,
    25,
    45,
    37,
    32,
    37,
    21,
    12,
    10,
    25,
    17,
    16,
    8,
    26,
    44,
    40,
    10,
    4,
    9,
    18,
    35,
    27,
    17,
    31,
    24,
    31,
    17,
    39,
    52,
    32,
    23,
    35,
    30,
    45,
    42,
    43,
    27,
    32,
    20,
    29,
    16,
    23,
    13,
    2,
    10,
    20,
    43,
    6,
    26,
    11,
    22,
    7,
    48,
    7,
    22,
    19,
    15,
    23,
    25,
    25,
    25,
    7,
    29,
    14,
    21,
    15,
    16,
    21,
    13,
    29,
    29,
    34,
    27,
    12,
    15,
    27,
    35,
    50,
    28,
    18,
    33,
    14,
    53,
    48,
    20,
    25,
    32,
    16,
    25,
    25,
    7,
    27,
    25,
    17,
    27,
    34,
    29,
    21,
    9,
    14,
    10,
    5,
    5,
    10,
    17,
    41,
    29,
    15,
    26,
    24,
    30,
    11,
    6,
    8,
    13,
    7,
    9,
    7,
    6,
    26,
    38,
    53,
    78,
    25,
    19,
    22,
    13,
    26,
    51,
    84,
    26,
    18,
    10,
    22,
    23,
    3,
    3,
    32,
    9,
    19,
    33,
    58,
    31,
    14,
    43,
    9,
    19,
    38,
    27,
    24,
    35,
    62,
    7,
    5,
    37,
    63,
    23,
    16,
    12,
    20,
    21,
    14,
    20,
    12,
    10,
    28,
    12,
    23,
    14,
    20,
    12,
    10,
    29,
    12,
    22,
    28,
    30,
    22,
    34,
    19,
    54,
    34,
    13,
    31,
    25,
    23,
    27,
    29,
    5,
    35,
    14,
    15,
    26,
    30,
    51,
    20,
    10,
    52,
    19,
    19,
    27,
    16,
    21,
    51,
    20,
    11,
    28,
    29,
    18,
    31,
    11,
    64,
    4,
    9,
    18,
    30,
    14,
    35,
    14,
    48,
    5,
    27,
    14,
    25,
    8,
    13,
    29,
    26,
    39,
    14,
    14,
    6,
    15,
    37,
    20,
    8,
    9,
    7,
    18,
    19,
    26,
    23,
    24,
    16,
    30,
    53,
    45,
    26,
    31,
    48,
    70,
    40,
    37,
    31,
    68,
    20,
    29,
    17,
    18,
    17,
    17,
    32,
    28,
    17,
    21,
    22,
    14,
    6,
    15,
    46,
    27,
    26,
    30,
    18,
    11,
    12,
    75,
    12,
    7,
    56,
    17,
    64,
    21,
    28,
    24,
    35,
    11,
    17,
    21,
    6,
    46,
    29,
    26,
    29,
    10,
    40,
    10,
    3,
    38,
    18,
    19,
    8,
    8,
    95,
    49,
    23,
    12,
    4,
    25,
    25,
    39,
    18,
    46,
    25,
    45,
    44,
    51,
    10,
    33,
    27,
    20,
    13,
    8,
    24,
    17,
    8,
    37,
    45,
    33,
    24,
    19,
    28,
    11,
    20,
    46,
    57,
    37,
    15,
    4,
    24,
    20,
    6,
    36,
    28,
    34,
    14,
    20,
    39,
    21,
    21,
    53,
    35,
    18,
    17,
    44,
    19,
    32,
    35,
    23,
    28,
    47,
    13,
    21,
    40,
    48,
    39,
    26,
    24,
    28,
    41,
    24,
    24,
    14,
    14,
    38,
    24,
    40,
    19,
    18,
    35,
    20,
    13,
    57,
    21,
    28,
    30,
    33,
    35,
    30,
    71,
    18,
    18,
    11,
    5,
    19,
    36,
    10,
    29,
    43,
    23,
    23,
    11,
    32,
    6,
    19,
    8,
    8,
    12,
    14,
    20,
    12,
    25,
    12,
    14,
    14,
    20,
    12,
    26,
    12,
    37,
    23,
    37,
    23,
    37,
    23,
    37,
    24,
    37,
    24,
    37,
    24,
    32,
    36,
    8,
    8,
    1
  ],
  "vocabulary_size": 1397
}