{
  "document_id": "2511.18981",
  "total_sentences": 351,
  "pruned_sentences": 349,
  "total_words": 9550,
  "pruned_words": 9121,
  "unique_words": 1678,
  "mean_sentence_length": 26.134670487106018,
  "stdev_sentence_length": 17.84855434494143,
  "sentence_lengths": [
    1,
    114,
    63,
    41,
    62,
    16,
    28,
    31,
    25,
    23,
    28,
    23,
    25,
    29,
    19,
    31,
    22,
    13,
    6,
    25,
    13,
    29,
    49,
    11,
    27,
    78,
    66,
    22,
    42,
    20,
    28,
    47,
    28,
    14,
    16,
    75,
    28,
    28,
    34,
    31,
    54,
    18,
    31,
    19,
    30,
    3,
    18,
    3,
    17,
    3,
    13,
    5,
    10,
    10,
    52,
    9,
    100,
    88,
    12,
    9,
    21,
    28,
    33,
    54,
    25,
    9,
    41,
    16,
    22,
    40,
    20,
    17,
    20,
    17,
    31,
    37,
    10,
    28,
    19,
    26,
    26,
    23,
    56,
    9,
    38,
    5,
    52,
    31,
    32,
    10,
    12,
    9,
    8,
    13,
    39,
    25,
    60,
    21,
    3,
    12,
    22,
    1,
    24,
    4,
    43,
    13,
    45,
    15,
    10,
    14,
    28,
    25,
    11,
    5,
    27,
    8,
    4,
    6,
    6,
    12,
    11,
    33,
    8,
    8,
    30,
    21,
    85,
    35,
    62,
    25,
    13,
    41,
    23,
    11,
    6,
    5,
    5,
    39,
    28,
    12,
    8,
    8,
    37,
    18,
    18,
    29,
    28,
    16,
    9,
    33,
    27,
    7,
    21,
    26,
    15,
    19,
    37,
    18,
    16,
    14,
    27,
    22,
    23,
    30,
    29,
    54,
    2,
    46,
    21,
    30,
    24,
    11,
    18,
    18,
    20,
    24,
    19,
    30,
    47,
    31,
    21,
    21,
    23,
    32,
    48,
    48,
    36,
    45,
    29,
    48,
    29,
    17,
    11,
    43,
    10,
    38,
    44,
    2,
    23,
    6,
    13,
    68,
    9,
    20,
    8,
    6,
    17,
    21,
    33,
    30,
    32,
    32,
    29,
    43,
    52,
    67,
    45,
    3,
    15,
    21,
    19,
    2,
    33,
    19,
    27,
    32,
    1,
    47,
    30,
    15,
    23,
    16,
    22,
    26,
    4,
    39,
    25,
    27,
    15,
    20,
    27,
    19,
    8,
    21,
    21,
    23,
    30,
    43,
    26,
    34,
    21,
    36,
    58,
    60,
    46,
    24,
    31,
    50,
    20,
    22,
    24,
    25,
    12,
    27,
    112,
    23,
    15,
    29,
    24,
    22,
    30,
    73,
    39,
    32,
    26,
    20,
    28,
    28,
    39,
    18,
    39,
    27,
    33,
    29,
    20,
    27,
    25,
    9,
    56,
    23,
    34,
    86,
    32,
    61,
    17,
    12,
    5,
    11,
    29,
    27,
    26,
    14,
    12,
    17,
    1,
    16,
    25,
    24,
    7,
    3,
    8,
    12,
    2,
    7,
    12,
    12,
    12,
    15,
    11,
    16,
    9,
    30,
    43,
    13,
    89,
    19,
    33,
    43,
    48,
    45,
    23,
    18,
    17,
    28,
    38,
    27,
    34,
    36,
    37,
    23,
    9,
    28,
    36,
    24,
    31,
    41,
    1,
    30,
    1
  ],
  "vocabulary_size": 1678
}