{
  "document_id": "astro-ph_9906233",
  "total_sentences": 92,
  "pruned_sentences": 90,
  "total_words": 2422,
  "pruned_words": 2028,
  "unique_words": 538,
  "mean_sentence_length": 22.533333333333335,
  "stdev_sentence_length": 15.615607289223046,
  "sentence_lengths": [
    1,
    49,
    52,
    36,
    30,
    20,
    35,
    13,
    6,
    20,
    12,
    24,
    9,
    25,
    26,
    31,
    16,
    14,
    30,
    23,
    10,
    4,
    42,
    43,
    51,
    25,
    19,
    44,
    14,
    59,
    22,
    16,
    17,
    12,
    31,
    38,
    20,
    24,
    49,
    7,
    5,
    81,
    19,
    10,
    29,
    14,
    16,
    10,
    11,
    12,
    20,
    28,
    43,
    28,
    59,
    18,
    5,
    6,
    20,
    50,
    6,
    18,
    34,
    24,
    17,
    11,
    20,
    33,
    26,
    17,
    50,
    11,
    17,
    10,
    47,
    11,
    40,
    14,
    12,
    15,
    16,
    7,
    20,
    17,
    10,
    10,
    6,
    2,
    2,
    2
  ],
  "vocabulary_size": 538
}