{
  "document_id": "astro-ph_0610936",
  "total_sentences": 402,
  "pruned_sentences": 399,
  "total_words": 10519,
  "pruned_words": 10001,
  "unique_words": 1515,
  "mean_sentence_length": 25.06516290726817,
  "stdev_sentence_length": 15.840148862652223,
  "sentence_lengths": [
    1,
    66,
    19,
    73,
    45,
    19,
    39,
    73,
    28,
    49,
    30,
    39,
    34,
    11,
    39,
    36,
    31,
    21,
    21,
    18,
    48,
    28,
    64,
    23,
    13,
    35,
    41,
    31,
    23,
    27,
    31,
    7,
    3,
    10,
    3,
    12,
    41,
    19,
    3,
    46,
    6,
    18,
    34,
    4,
    94,
    13,
    14,
    25,
    8,
    28,
    18,
    57,
    4,
    8,
    65,
    25,
    20,
    38,
    35,
    28,
    16,
    31,
    26,
    17,
    11,
    21,
    14,
    19,
    15,
    13,
    18,
    16,
    17,
    32,
    39,
    22,
    25,
    23,
    24,
    8,
    4,
    34,
    53,
    28,
    16,
    32,
    33,
    27,
    58,
    2,
    18,
    28,
    14,
    24,
    39,
    8,
    59,
    22,
    20,
    24,
    39,
    52,
    22,
    43,
    48,
    29,
    19,
    27,
    9,
    23,
    58,
    61,
    11,
    22,
    45,
    51,
    9,
    47,
    44,
    29,
    19,
    17,
    11,
    36,
    14,
    25,
    55,
    25,
    14,
    18,
    35,
    12,
    67,
    32,
    52,
    30,
    47,
    27,
    53,
    48,
    31,
    27,
    52,
    34,
    21,
    9,
    39,
    27,
    14,
    109,
    23,
    13,
    54,
    15,
    20,
    11,
    22,
    9,
    14,
    7,
    36,
    10,
    17,
    23,
    21,
    14,
    13,
    21,
    19,
    29,
    27,
    16,
    14,
    25,
    21,
    32,
    21,
    20,
    20,
    13,
    28,
    14,
    5,
    5,
    14,
    6,
    8,
    14,
    6,
    5,
    14,
    6,
    8,
    21,
    12,
    13,
    7,
    16,
    22,
    17,
    10,
    1,
    33,
    40,
    17,
    23,
    22,
    42,
    30,
    20,
    21,
    42,
    18,
    4,
    18,
    34,
    26,
    35,
    17,
    14,
    55,
    27,
    29,
    12,
    29,
    27,
    55,
    35,
    14,
    5,
    5,
    14,
    6,
    8,
    14,
    6,
    5,
    14,
    6,
    8,
    24,
    13,
    22,
    24,
    23,
    25,
    24,
    24,
    51,
    24,
    33,
    41,
    26,
    29,
    14,
    16,
    5,
    29,
    40,
    26,
    63,
    35,
    16,
    6,
    11,
    11,
    9,
    9,
    30,
    29,
    29,
    30,
    20,
    6,
    14,
    9,
    31,
    12,
    6,
    52,
    5,
    62,
    4,
    4,
    2,
    11,
    5,
    5,
    5,
    24,
    21,
    30,
    17,
    13,
    15,
    13,
    15,
    28,
    17,
    43,
    17,
    80,
    15,
    22,
    37,
    8,
    21,
    21,
    16,
    37,
    15,
    28,
    28,
    41,
    26,
    27,
    28,
    59,
    23,
    24,
    26,
    19,
    16,
    47,
    27,
    14,
    36,
    22,
    17,
    30,
    32,
    24,
    27,
    30,
    27,
    21,
    30,
    40,
    39,
    12,
    19,
    26,
    39,
    18,
    18,
    30,
    38,
    15,
    23,
    9,
    25,
    32,
    32,
    8,
    30,
    35,
    44,
    5,
    33,
    18,
    19,
    19,
    24,
    25,
    8,
    73,
    29,
    29,
    16,
    26,
    29,
    38,
    5,
    14,
    9,
    45,
    19,
    16,
    33,
    21,
    23,
    29,
    32,
    22,
    35,
    20,
    15,
    5,
    40,
    17,
    34,
    51,
    33,
    68,
    12,
    49,
    30,
    40,
    1
  ],
  "vocabulary_size": 1515
}